year_collaboration,main_field_id,country_region,n_pub_region,co_country_region,n_pub,prop_coll
2023,1,SSA,16101,SSA,2468,0.153282405
2023,2,SSA,33241,SSA,11883,0.35748022
2023,3,SSA,14186,SSA,3869,0.272733681
2023,4,SSA,12974,SSA,3795,0.292508093
2023,5,SSA,5762,SSA,1179,0.204616453
2023,All,SSA,72290,SSA,20494,0.283497026
2022,1,SSA,17023,SSA,2605,0.153028256
2022,2,SSA,38683,SSA,13621,0.352118502
2022,3,SSA,16126,SSA,3926,0.24345777
2022,4,SSA,14854,SSA,4318,0.290696109
2022,5,SSA,6861,SSA,1298,0.18918525
2022,All,SSA,82435,SSA,22858,0.277285134
2021,1,SSA,16354,SSA,2547,0.155741715
2021,2,SSA,38678,SSA,13907,0.359558405
2021,3,SSA,15195,SSA,3955,0.260282988
2021,4,SSA,14460,SSA,4224,0.292116183
2021,5,SSA,6066,SSA,1154,0.190240686
2021,All,SSA,80257,SSA,22991,0.286467224
2020,1,SSA,14336,SSA,2125,0.148228237
2020,2,SSA,37624,SSA,13375,0.355491176
2020,3,SSA,13264,SSA,3472,0.261761158
2020,4,SSA,12714,SSA,3880,0.305175397
2020,5,SSA,5343,SSA,1023,0.191465469
2020,All,SSA,73718,SSA,21296,0.288884669
2019,1,SSA,10863,SSA,1596,0.14692074
2019,2,SSA,27899,SSA,9923,0.355675831
2019,3,SSA,11623,SSA,2952,0.253979179
2019,4,SSA,9893,SSA,3005,0.303750126
2019,5,SSA,4322,SSA,718,0.166126793
2019,All,SSA,57450,SSA,16327,0.284194952
2018,1,SSA,9765,SSA,1421,0.145519713
2018,2,SSA,24301,SSA,8654,0.356117032
2018,3,SSA,9738,SSA,2324,0.238652701
2018,4,SSA,8843,SSA,2640,0.298541219
2018,5,SSA,3573,SSA,632,0.176882172
2018,All,SSA,49984,SSA,14081,0.281710147
2017,1,SSA,9040,SSA,1018,0.112610619
2017,2,SSA,22335,SSA,7976,0.357107679
2017,3,SSA,8648,SSA,2011,0.232539315
2017,4,SSA,7605,SSA,2277,0.299408284
2017,5,SSA,3218,SSA,542,0.168427595
2017,All,SSA,45505,SSA,12539,0.275552137
2016,1,SSA,7820,SSA,967,0.123657289
2016,2,SSA,20909,SSA,7006,0.335071022
2016,3,SSA,7175,SSA,1791,0.249616725
2016,4,SSA,6867,SSA,1951,0.284112422
2016,5,SSA,2639,SSA,441,0.167108753
2016,All,SSA,40617,SSA,10987,0.270502499
2015,1,SSA,6351,SSA,786,0.123760038
2015,2,SSA,18887,SSA,6364,0.336951342
2015,3,SSA,6164,SSA,1484,0.240752758
2015,4,SSA,5800,SSA,1670,0.287931034
2015,5,SSA,2343,SSA,359,0.153222364
2015,All,SSA,35489,SSA,9704,0.27343684
2014,1,SSA,5836,SSA,647,0.110863605
2014,2,SSA,17408,SSA,5879,0.33771829
2014,3,SSA,5630,SSA,1398,0.248312611
2014,4,SSA,5333,SSA,1531,0.287080443
2014,5,SSA,2056,SSA,336,0.163424125
2014,All,SSA,32708,SSA,8926,0.272899596
2013,1,SSA,4477,SSA,487,0.1087782
2013,2,SSA,14905,SSA,4812,0.322844683
2013,3,SSA,4995,SSA,1209,0.242042042
2013,4,SSA,4232,SSA,1195,0.282372401
2013,5,SSA,1904,SSA,256,0.134453782
2013,All,SSA,27516,SSA,7239,0.263083297
2012,1,SSA,3817,SSA,375,0.098244695
2012,2,SSA,12783,SSA,4148,0.324493468
2012,3,SSA,4574,SSA,1005,0.219720157
2012,4,SSA,3611,SSA,1074,0.297424536
2012,5,SSA,1560,SSA,220,0.141025641
2012,All,SSA,23815,SSA,6233,0.261725803
2011,1,SSA,3139,SSA,326,0.103854731
2011,2,SSA,11570,SSA,3774,0.326188418
2011,3,SSA,3788,SSA,828,0.218585005
2011,4,SSA,3362,SSA,997,0.296549673
2011,5,SSA,1416,SSA,186,0.131355932
2011,All,SSA,21033,SSA,5570,0.264821946
2010,1,SSA,2919,SSA,272,0.093182597
2010,2,SSA,10122,SSA,3250,0.32108279
2010,3,SSA,3044,SSA,638,0.209592641
2010,4,SSA,3035,SSA,796,0.262273476
2010,5,SSA,1162,SSA,131,0.112736661
2010,All,SSA,18400,SSA,4664,0.253478261
2009,1,SSA,2568,SSA,233,0.090732087
2009,2,SSA,8884,SSA,2608,0.293561459
2009,3,SSA,2819,SSA,591,0.209648812
2009,4,SSA,2762,SSA,760,0.275162925
2009,5,SSA,1168,SSA,148,0.126712329
2009,All,SSA,16496,SSA,3914,0.237269641
2008,1,SSA,2243,SSA,202,0.090057958
2008,2,SSA,8232,SSA,2328,0.282798834
2008,3,SSA,2304,SSA,500,0.217013889
2008,4,SSA,2307,SSA,646,0.280017339
2008,5,SSA,1062,SSA,114,0.107344633
2008,All,SSA,14596,SSA,3444,0.235955056
2007,1,SSA,1787,SSA,171,0.095691102
2007,2,SSA,7382,SSA,1979,0.26808453
2007,3,SSA,2275,SSA,491,0.215824176
2007,4,SSA,2382,SSA,582,0.244332494
2007,5,SSA,986,SSA,100,0.101419878
2007,All,SSA,13368,SSA,2992,0.223818073
2006,1,SSA,1754,SSA,117,0.066704675
2006,2,SSA,6556,SSA,1769,0.269829164
2006,3,SSA,2018,SSA,365,0.180872151
2006,4,SSA,2386,SSA,590,0.247275775
2006,5,SSA,845,SSA,59,0.069822485
2006,All,SSA,12291,SSA,2642,0.214954031
2005,1,SSA,1458,SSA,95,0.06515775
2005,2,SSA,6074,SSA,1462,0.240698057
2005,3,SSA,1746,SSA,378,0.216494845
2005,4,SSA,1969,SSA,456,0.231589639
2005,5,SSA,701,SSA,74,0.105563481
2005,All,SSA,10793,SSA,2211,0.204854999
2004,1,SSA,1230,SSA,70,0.056910569
2004,2,SSA,5042,SSA,1211,0.240182467
2004,3,SSA,1681,SSA,301,0.179060083
2004,4,SSA,1902,SSA,398,0.209253417
2004,5,SSA,618,SSA,48,0.077669903
2004,All,SSA,9445,SSA,1833,0.194070937
2003,1,SSA,965,SSA,66,0.068393782
2003,2,SSA,4334,SSA,991,0.22865713
2003,3,SSA,1376,SSA,282,0.20494186
2003,4,SSA,1619,SSA,330,0.203829524
2003,5,SSA,470,SSA,24,0.05106383
2003,All,SSA,8002,SSA,1556,0.194451387
2002,1,SSA,909,SSA,54,0.059405941
2002,2,SSA,4210,SSA,872,0.207125891
2002,3,SSA,1368,SSA,231,0.168859649
2002,4,SSA,1551,SSA,266,0.171502257
2002,5,SSA,501,SSA,29,0.057884232
2002,All,SSA,7777,SSA,1332,0.17127427
2001,1,SSA,809,SSA,42,0.051915946
2001,2,SSA,3788,SSA,754,0.19904963
2001,3,SSA,1227,SSA,173,0.140994295
2001,4,SSA,1381,SSA,244,0.176683563
2001,5,SSA,394,SSA,30,0.076142132
2001,All,SSA,6941,SSA,1144,0.16481775
2000,1,SSA,806,SSA,40,0.049627792
2000,2,SSA,3611,SSA,698,0.193298255
2000,3,SSA,1115,SSA,159,0.142600897
2000,4,SSA,1280,SSA,199,0.15546875
2000,5,SSA,354,SSA,32,0.09039548
2000,All,SSA,6534,SSA,1035,0.158402204
1999,1,SSA,747,SSA,37,0.049531459
1999,2,SSA,3250,SSA,621,0.191076923
1999,3,SSA,1234,SSA,192,0.155591572
1999,4,SSA,1211,SSA,162,0.133773741
1999,5,SSA,372,SSA,20,0.053763441
1999,All,SSA,6224,SSA,963,0.15472365
1998,1,SSA,682,SSA,25,0.036656891
1998,2,SSA,3138,SSA,509,0.162205226
1998,3,SSA,1024,SSA,122,0.119140625
1998,4,SSA,1091,SSA,145,0.132905591
1998,5,SSA,318,SSA,25,0.078616352
1998,All,SSA,5687,SSA,757,0.133110603
1997,1,SSA,642,SSA,37,0.057632399
1997,2,SSA,3136,SSA,460,0.146683673
1997,3,SSA,932,SSA,136,0.145922747
1997,4,SSA,1101,SSA,146,0.132606721
1997,5,SSA,271,SSA,31,0.114391144
1997,All,SSA,5595,SSA,756,0.135120643
1996,1,SSA,667,SSA,28,0.04197901
1996,2,SSA,2892,SSA,401,0.138658368
1996,3,SSA,1047,SSA,111,0.106017192
1996,4,SSA,1070,SSA,135,0.126168224
1996,5,SSA,285,SSA,18,0.063157895
1996,All,SSA,5436,SSA,626,0.115158205
1995,1,SSA,648,SSA,22,0.033950617
1995,2,SSA,2779,SSA,329,0.118387909
1995,3,SSA,1002,SSA,95,0.094810379
1995,4,SSA,1005,SSA,97,0.096517413
1995,5,SSA,288,SSA,23,0.079861111
1995,All,SSA,5251,SSA,523,0.099600076
1994,1,SSA,596,SSA,19,0.031879195
1994,2,SSA,2926,SSA,336,0.114832536
1994,3,SSA,1031,SSA,96,0.093113482
1994,4,SSA,963,SSA,86,0.089304258
1994,5,SSA,286,SSA,14,0.048951049
1994,All,SSA,5294,SSA,507,0.095768795
1993,1,SSA,556,SSA,18,0.032374101
1993,2,SSA,2821,SSA,287,0.101736973
1993,3,SSA,919,SSA,84,0.0914037
1993,4,SSA,907,SSA,64,0.070562293
1993,5,SSA,247,SSA,14,0.056680162
1993,All,SSA,5015,SSA,434,0.086540379
1992,1,SSA,508,SSA,9,0.017716535
1992,2,SSA,2852,SSA,245,0.085904628
1992,3,SSA,930,SSA,70,0.075268817
1992,4,SSA,896,SSA,62,0.069196429
1992,5,SSA,229,SSA,7,0.030567686
1992,All,SSA,4966,SSA,373,0.075110753
1991,1,SSA,500,SSA,9,0.018
1991,2,SSA,2782,SSA,217,0.078001438
1991,3,SSA,808,SSA,47,0.058168317
1991,4,SSA,940,SSA,61,0.064893617
1991,5,SSA,259,SSA,8,0.030888031
1991,All,SSA,4832,SSA,314,0.064983444
1990,1,SSA,506,SSA,6,0.011857708
1990,2,SSA,2939,SSA,196,0.06668935
1990,3,SSA,785,SSA,55,0.070063694
1990,4,SSA,929,SSA,53,0.057050592
1990,5,SSA,219,SSA,6,0.02739726
1990,All,SSA,4953,SSA,296,0.059761761
2023,1,SSA,16101,Solo,6056,0.376125706
2023,2,SSA,33241,Solo,3514,0.105712825
2023,3,SSA,14186,Solo,1703,0.120047935
2023,4,SSA,12974,Solo,1691,0.130337598
2023,5,SSA,5762,Solo,1256,0.217979868
2023,All,SSA,72290,Solo,12500,0.172914649
2022,1,SSA,17023,Solo,6595,0.387417024
2022,2,SSA,38683,Solo,3856,0.099682031
2022,3,SSA,16126,Solo,1964,0.121790897
2022,4,SSA,14854,Solo,1941,0.130671873
2022,5,SSA,6861,Solo,1449,0.211193704
2022,All,SSA,82435,Solo,13923,0.168896706
2021,1,SSA,16354,Solo,6392,0.390852391
2021,2,SSA,38678,Solo,3614,0.09343813
2021,3,SSA,15195,Solo,1783,0.117341231
2021,4,SSA,14460,Solo,1792,0.123928077
2021,5,SSA,6066,Solo,1286,0.212001319
2021,All,SSA,80257,Solo,13135,0.163661737
2020,1,SSA,14336,Solo,5717,0.398786272
2020,2,SSA,37624,Solo,3770,0.100201999
2020,3,SSA,13264,Solo,1513,0.114068154
2020,4,SSA,12714,Solo,1501,0.118058833
2020,5,SSA,5343,Solo,1210,0.226464533
2020,All,SSA,73718,Solo,12144,0.164735885
2019,1,SSA,10863,Solo,4489,0.413237596
2019,2,SSA,27899,Solo,2808,0.100648769
2019,3,SSA,11623,Solo,1400,0.12045083
2019,4,SSA,9893,Solo,1194,0.120691398
2019,5,SSA,4322,Solo,971,0.224664507
2019,All,SSA,57450,Solo,9713,0.169068755
2018,1,SSA,9765,Solo,4044,0.414132104
2018,2,SSA,24301,Solo,2422,0.09966668
2018,3,SSA,9738,Solo,1140,0.11706716
2018,4,SSA,8843,Solo,1040,0.117607147
2018,5,SSA,3573,Solo,784,0.219423454
2018,All,SSA,49984,Solo,8416,0.16837388
2017,1,SSA,9040,Solo,4186,0.463053097
2017,2,SSA,22335,Solo,2317,0.103738527
2017,3,SSA,8648,Solo,1081,0.125
2017,4,SSA,7605,Solo,887,0.116633794
2017,5,SSA,3218,Solo,734,0.228091983
2017,All,SSA,45505,Solo,8285,0.182067905
2016,1,SSA,7820,Solo,3612,0.461892583
2016,2,SSA,20909,Solo,2487,0.118943995
2016,3,SSA,7175,Solo,910,0.126829268
2016,4,SSA,6867,Solo,841,0.122469783
2016,5,SSA,2639,Solo,605,0.229253505
2016,All,SSA,40617,Solo,7630,0.187852377
2015,1,SSA,6351,Solo,2944,0.463549047
2015,2,SSA,18887,Solo,2363,0.125112511
2015,3,SSA,6164,Solo,794,0.128812459
2015,4,SSA,5800,Solo,773,0.133275862
2015,5,SSA,2343,Solo,559,0.238583013
2015,All,SSA,35489,Solo,6631,0.186846629
2014,1,SSA,5836,Solo,2852,0.488690884
2014,2,SSA,17408,Solo,2307,0.132525276
2014,3,SSA,5630,Solo,684,0.121492007
2014,4,SSA,5333,Solo,780,0.146259141
2014,5,SSA,2056,Solo,512,0.249027237
2014,All,SSA,32708,Solo,6471,0.197841507
2013,1,SSA,4477,Solo,2304,0.514630333
2013,2,SSA,14905,Solo,2614,0.17537739
2013,3,SSA,4995,Solo,742,0.148548549
2013,4,SSA,4232,Solo,580,0.13705104
2013,5,SSA,1904,Solo,506,0.265756303
2013,All,SSA,27516,Solo,6121,0.222452391
2012,1,SSA,3817,Solo,2064,0.5407388
2012,2,SSA,12783,Solo,2472,0.193381835
2012,3,SSA,4574,Solo,737,0.161128115
2012,4,SSA,3611,Solo,503,0.139296594
2012,5,SSA,1560,Solo,439,0.281410256
2012,All,SSA,23815,Solo,5696,0.239176989
2011,1,SSA,3139,Solo,1672,0.532653711
2011,2,SSA,11570,Solo,2394,0.206914434
2011,3,SSA,3788,Solo,593,0.15654699
2011,4,SSA,3362,Solo,508,0.151100535
2011,5,SSA,1416,Solo,432,0.305084746
2011,All,SSA,21033,Solo,5116,0.243236818
2010,1,SSA,2919,Solo,1640,0.561836245
2010,2,SSA,10122,Solo,2342,0.231377198
2010,3,SSA,3044,Solo,519,0.170499343
2010,4,SSA,3035,Solo,464,0.152883031
2010,5,SSA,1162,Solo,360,0.309810671
2010,All,SSA,18400,Solo,4903,0.266467391
2009,1,SSA,2568,Solo,1457,0.567367601
2009,2,SSA,8884,Solo,2242,0.2523638
2009,3,SSA,2819,Solo,506,0.179496275
2009,4,SSA,2762,Solo,505,0.182838523
2009,5,SSA,1168,Solo,369,0.315924658
2009,All,SSA,16496,Solo,4702,0.285038797
2008,1,SSA,2243,Solo,1293,0.576460098
2008,2,SSA,8232,Solo,2300,0.279397473
2008,3,SSA,2304,Solo,422,0.183159722
2008,4,SSA,2307,Solo,440,0.190723884
2008,5,SSA,1062,Solo,366,0.344632768
2008,All,SSA,14596,Solo,4441,0.304261441
2007,1,SSA,1787,Solo,1030,0.576385003
2007,2,SSA,7382,Solo,2126,0.287997833
2007,3,SSA,2275,Solo,464,0.203956044
2007,4,SSA,2382,Solo,486,0.204030227
2007,5,SSA,986,Solo,357,0.362068966
2007,All,SSA,13368,Solo,4089,0.305879713
2006,1,SSA,1754,Solo,1063,0.60604333
2006,2,SSA,6556,Solo,2083,0.317724222
2006,3,SSA,2018,Solo,412,0.204162537
2006,4,SSA,2386,Solo,543,0.227577536
2006,5,SSA,845,Solo,316,0.373964497
2006,All,SSA,12291,Solo,4085,0.332357009
2005,1,SSA,1458,Solo,897,0.615226337
2005,2,SSA,6074,Solo,1891,0.311326967
2005,3,SSA,1746,Solo,382,0.218785796
2005,4,SSA,1969,Solo,432,0.219400711
2005,5,SSA,701,Solo,300,0.427960057
2005,All,SSA,10793,Solo,3607,0.334198091
2004,1,SSA,1230,Solo,799,0.649593496
2004,2,SSA,5042,Solo,1554,0.308211027
2004,3,SSA,1681,Solo,373,0.221891731
2004,4,SSA,1902,Solo,498,0.261829653
2004,5,SSA,618,Solo,273,0.441747573
2004,All,SSA,9445,Solo,3193,0.338062467
2003,1,SSA,965,Solo,598,0.619689119
2003,2,SSA,4334,Solo,1405,0.324180895
2003,3,SSA,1376,Solo,318,0.231104651
2003,4,SSA,1619,Solo,436,0.269302038
2003,5,SSA,470,Solo,196,0.417021277
2003,All,SSA,8002,Solo,2732,0.341414646
2002,1,SSA,909,Solo,587,0.645764576
2002,2,SSA,4210,Solo,1460,0.346793349
2002,3,SSA,1368,Solo,359,0.262426901
2002,4,SSA,1551,Solo,480,0.309477756
2002,5,SSA,501,Solo,224,0.447105788
2002,All,SSA,7777,Solo,2856,0.367236724
2001,1,SSA,809,Solo,540,0.667490729
2001,2,SSA,3788,Solo,1458,0.384899683
2001,3,SSA,1227,Solo,351,0.28606357
2001,4,SSA,1381,Solo,433,0.313540912
2001,5,SSA,394,Solo,184,0.467005076
2001,All,SSA,6941,Solo,2725,0.392594727
2000,1,SSA,806,Solo,522,0.64764268
2000,2,SSA,3611,Solo,1380,0.382165605
2000,3,SSA,1115,Solo,344,0.308520179
2000,4,SSA,1280,Solo,417,0.32578125
2000,5,SSA,354,Solo,185,0.52259887
2000,All,SSA,6534,Solo,2609,0.39929599
1999,1,SSA,747,Solo,493,0.659973226
1999,2,SSA,3250,Solo,1239,0.381230769
1999,3,SSA,1234,Solo,415,0.3363047
1999,4,SSA,1211,Solo,405,0.334434352
1999,5,SSA,372,Solo,223,0.599462366
1999,All,SSA,6224,Solo,2531,0.406651671
1998,1,SSA,682,Solo,471,0.690615836
1998,2,SSA,3138,Solo,1308,0.416826004
1998,3,SSA,1024,Solo,340,0.33203125
1998,4,SSA,1091,Solo,371,0.340054995
1998,5,SSA,318,Solo,181,0.56918239
1998,All,SSA,5687,Solo,2442,0.429400387
1997,1,SSA,642,Solo,438,0.682242991
1997,2,SSA,3136,Solo,1308,0.417091837
1997,3,SSA,932,Solo,293,0.314377682
1997,4,SSA,1101,Solo,397,0.36058129
1997,5,SSA,271,Solo,141,0.520295203
1997,All,SSA,5595,Solo,2366,0.422877569
1996,1,SSA,667,Solo,477,0.715142429
1996,2,SSA,2892,Solo,1274,0.440525588
1996,3,SSA,1047,Solo,343,0.327602674
1996,4,SSA,1070,Solo,421,0.393457944
1996,5,SSA,285,Solo,164,0.575438596
1996,All,SSA,5436,Solo,2457,0.451986755
1995,1,SSA,648,Solo,460,0.709876543
1995,2,SSA,2779,Solo,1230,0.442605254
1995,3,SSA,1002,Solo,331,0.330339321
1995,4,SSA,1005,Solo,380,0.378109453
1995,5,SSA,288,Solo,135,0.46875
1995,All,SSA,5251,Solo,2341,0.445819844
1994,1,SSA,596,Solo,430,0.72147651
1994,2,SSA,2926,Solo,1367,0.467190704
1994,3,SSA,1031,Solo,317,0.307468477
1994,4,SSA,963,Solo,415,0.430944964
1994,5,SSA,286,Solo,133,0.465034965
1994,All,SSA,5294,Solo,2431,0.459199093
1993,1,SSA,556,Solo,411,0.739208633
1993,2,SSA,2821,Solo,1308,0.463665367
1993,3,SSA,919,Solo,264,0.28726877
1993,4,SSA,907,Solo,400,0.441014333
1993,5,SSA,247,Solo,131,0.530364372
1993,All,SSA,5015,Solo,2315,0.461615155
1992,1,SSA,508,Solo,367,0.722440945
1992,2,SSA,2852,Solo,1389,0.487026648
1992,3,SSA,930,Solo,318,0.341935484
1992,4,SSA,896,Solo,423,0.472098214
1992,5,SSA,229,Solo,133,0.580786026
1992,All,SSA,4966,Solo,2410,0.48530004
1991,1,SSA,500,Solo,356,0.712
1991,2,SSA,2782,Solo,1446,0.51976995
1991,3,SSA,808,Solo,307,0.379950495
1991,4,SSA,940,Solo,453,0.481914894
1991,5,SSA,259,Solo,145,0.55984556
1991,All,SSA,4832,Solo,2502,0.517798013
1990,1,SSA,506,Solo,393,0.776679842
1990,2,SSA,2939,Solo,1576,0.536236815
1990,3,SSA,785,Solo,272,0.346496815
1990,4,SSA,929,Solo,489,0.526372443
1990,5,SSA,219,Solo,119,0.543378995
1990,All,SSA,4953,Solo,2627,0.530385625
2023,1,SSA,16101,SA,400,0.024843177
2023,2,SSA,33241,SA,1696,0.051021329
2023,3,SSA,14186,SA,2005,0.141336529
2023,4,SSA,12974,SA,667,0.051410513
2023,5,SSA,5762,SA,599,0.103956959
2023,All,SSA,72290,SA,4708,0.065126574
2022,1,SSA,17023,SA,350,0.020560418
2022,2,SSA,38683,SA,1810,0.04679058
2022,3,SSA,16126,SA,2433,0.150874364
2022,4,SSA,14854,SA,793,0.053386293
2022,5,SSA,6861,SA,951,0.138609532
2022,All,SSA,82435,SA,5588,0.067786741
2021,1,SSA,16354,SA,351,0.021462639
2021,2,SSA,38678,SA,1750,0.045245359
2021,3,SSA,15195,SA,1692,0.111352419
2021,4,SSA,14460,SA,670,0.046334716
2021,5,SSA,6066,SA,553,0.091163864
2021,All,SSA,80257,SA,4423,0.055110458
2020,1,SSA,14336,SA,222,0.015485491
2020,2,SSA,37624,SA,1298,0.034499256
2020,3,SSA,13264,SA,1074,0.080971049
2020,4,SSA,12714,SA,500,0.039326726
2020,5,SSA,5343,SA,302,0.056522553
2020,All,SSA,73718,SA,3004,0.040749885
2019,1,SSA,10863,SA,140,0.012887784
2019,2,SSA,27899,SA,860,0.030825478
2019,3,SSA,11623,SA,803,0.069087155
2019,4,SSA,9893,SA,314,0.031739614
2019,5,SSA,4322,SA,222,0.051365109
2019,All,SSA,57450,SA,2057,0.035805048
2018,1,SSA,9765,SA,110,0.011264721
2018,2,SSA,24301,SA,704,0.028970001
2018,3,SSA,9738,SA,764,0.078455535
2018,4,SSA,8843,SA,245,0.02770553
2018,5,SSA,3573,SA,158,0.044220543
2018,All,SSA,49984,SA,1766,0.035331306
2017,1,SSA,9040,SA,76,0.00840708
2017,2,SSA,22335,SA,635,0.028430714
2017,3,SSA,8648,SA,659,0.07620259
2017,4,SSA,7605,SA,221,0.029059829
2017,5,SSA,3218,SA,109,0.03387197
2017,All,SSA,45505,SA,1514,0.033271069
2016,1,SSA,7820,SA,68,0.008695652
2016,2,SSA,20909,SA,558,0.026687073
2016,3,SSA,7175,SA,579,0.080696864
2016,4,SSA,6867,SA,202,0.029416048
2016,5,SSA,2639,SA,85,0.03220917
2016,All,SSA,40617,SA,1377,0.033902061
2015,1,SSA,6351,SA,47,0.007400409
2015,2,SSA,18887,SA,489,0.025890824
2015,3,SSA,6164,SA,402,0.065217391
2015,4,SSA,5800,SA,172,0.029655172
2015,5,SSA,2343,SA,70,0.029876227
2015,All,SSA,35489,SA,1084,0.030544676
2014,1,SSA,5836,SA,42,0.00719671
2014,2,SSA,17408,SA,384,0.022058824
2014,3,SSA,5630,SA,331,0.058792185
2014,4,SSA,5333,SA,134,0.02512657
2014,5,SSA,2056,SA,72,0.035019455
2014,All,SSA,32708,SA,850,0.025987526
2013,1,SSA,4477,SA,23,0.005137369
2013,2,SSA,14905,SA,316,0.021200939
2013,3,SSA,4995,SA,266,0.053253253
2013,4,SSA,4232,SA,118,0.027882798
2013,5,SSA,1904,SA,41,0.021533613
2013,All,SSA,27516,SA,699,0.025403402
2012,1,SSA,3817,SA,23,0.006025675
2012,2,SSA,12783,SA,224,0.017523273
2012,3,SSA,4574,SA,219,0.047879318
2012,4,SSA,3611,SA,100,0.02769316
2012,5,SSA,1560,SA,40,0.025641026
2012,All,SSA,23815,SA,564,0.023682553
2011,1,SSA,3139,SA,20,0.006371456
2011,2,SSA,11570,SA,204,0.017631806
2011,3,SSA,3788,SA,167,0.044086589
2011,4,SSA,3362,SA,78,0.023200476
2011,5,SSA,1416,SA,36,0.025423729
2011,All,SSA,21033,SA,458,0.021775305
2010,1,SSA,2919,SA,18,0.006166495
2010,2,SSA,10122,SA,143,0.014127643
2010,3,SSA,3044,SA,113,0.037122208
2010,4,SSA,3035,SA,65,0.021416804
2010,5,SSA,1162,SA,24,0.020654045
2010,All,SSA,18400,SA,326,0.017717391
2009,1,SSA,2568,SA,12,0.004672897
2009,2,SSA,8884,SA,106,0.011931562
2009,3,SSA,2819,SA,94,0.033345158
2009,4,SSA,2762,SA,43,0.015568429
2009,5,SSA,1168,SA,32,0.02739726
2009,All,SSA,16496,SA,260,0.015761397
2008,1,SSA,2243,SA,11,0.004904146
2008,2,SSA,8232,SA,91,0.011054422
2008,3,SSA,2304,SA,84,0.036458333
2008,4,SSA,2307,SA,35,0.015171218
2008,5,SSA,1062,SA,20,0.018832392
2008,All,SSA,14596,SA,212,0.014524527
2007,1,SSA,1787,SA,7,0.00391718
2007,2,SSA,7382,SA,66,0.008940666
2007,3,SSA,2275,SA,54,0.023736264
2007,4,SSA,2382,SA,34,0.01427372
2007,5,SSA,986,SA,12,0.012170385
2007,All,SSA,13368,SA,158,0.01181927
2006,1,SSA,1754,SA,6,0.003420753
2006,2,SSA,6556,SA,59,0.00899939
2006,3,SSA,2018,SA,39,0.019326065
2006,4,SSA,2386,SA,22,0.009220453
2006,5,SSA,845,SA,17,0.020118343
2006,All,SSA,12291,SA,128,0.010414124
2005,1,SSA,1458,SA,2,0.001371742
2005,2,SSA,6074,SA,42,0.006914718
2005,3,SSA,1746,SA,29,0.016609393
2005,4,SSA,1969,SA,22,0.011173184
2005,5,SSA,701,SA,10,0.014265335
2005,All,SSA,10793,SA,96,0.008894654
2004,1,SSA,1230,SA,3,0.002439024
2004,2,SSA,5042,SA,31,0.006148354
2004,3,SSA,1681,SA,18,0.010707912
2004,4,SSA,1902,SA,17,0.00893796
2004,5,SSA,618,SA,9,0.014563107
2004,All,SSA,9445,SA,69,0.007305453
2003,2,SSA,4334,SA,19,0.004383941
2003,3,SSA,1376,SA,21,0.015261628
2003,4,SSA,1619,SA,12,0.007411983
2003,5,SSA,470,SA,2,0.004255319
2003,All,SSA,8002,SA,50,0.006248438
2002,1,SSA,909,SA,4,0.00440044
2002,2,SSA,4210,SA,16,0.003800475
2002,3,SSA,1368,SA,17,0.012426901
2002,4,SSA,1551,SA,16,0.010315925
2002,5,SSA,501,SA,5,0.00998004
2002,All,SSA,7777,SA,51,0.006557799
2001,1,SSA,809,SA,3,0.003708282
2001,2,SSA,3788,SA,12,0.003167899
2001,3,SSA,1227,SA,10,0.008149959
2001,4,SSA,1381,SA,16,0.011585807
2001,5,SSA,394,SA,6,0.015228426
2001,All,SSA,6941,SA,45,0.006483216
2000,1,SSA,806,SA,2,0.00248139
2000,2,SSA,3611,SA,15,0.004153974
2000,3,SSA,1115,SA,14,0.012556054
2000,4,SSA,1280,SA,9,0.00703125
2000,5,SSA,354,SA,3,0.008474576
2000,All,SSA,6534,SA,38,0.005815733
1999,1,SSA,747,SA,3,0.004016064
1999,2,SSA,3250,SA,9,0.002769231
1999,3,SSA,1234,SA,8,0.006482982
1999,4,SSA,1211,SA,10,0.008257638
1999,5,SSA,372,SA,2,0.005376344
1999,All,SSA,6224,SA,29,0.004659383
1998,1,SSA,682,SA,3,0.004398827
1998,2,SSA,3138,SA,8,0.002549395
1998,3,SSA,1024,SA,14,0.013671875
1998,4,SSA,1091,SA,5,0.004582951
1998,5,SSA,318,SA,2,0.006289308
1998,All,SSA,5687,SA,29,0.005099349
1997,1,SSA,642,SA,4,0.00623053
1997,2,SSA,3136,SA,9,0.002869898
1997,3,SSA,932,SA,5,0.005364807
1997,4,SSA,1101,SA,3,0.002724796
1997,5,SSA,271,SA,2,0.007380074
1997,All,SSA,5595,SA,20,0.00357462
1996,2,SSA,2892,SA,6,0.002074689
1996,3,SSA,1047,SA,4,0.003820439
1996,4,SSA,1070,SA,1,0.000934579
1996,5,SSA,285,SA,5,0.01754386
1996,All,SSA,5436,SA,16,0.002943341
1995,1,SSA,648,SA,1,0.00154321
1995,2,SSA,2779,SA,6,0.00215905
1995,3,SSA,1002,SA,5,0.00499002
1995,4,SSA,1005,SA,3,0.002985075
1995,5,SSA,288,SA,4,0.013888889
1995,All,SSA,5251,SA,17,0.003237479
1994,2,SSA,2926,SA,4,0.001367054
1994,3,SSA,1031,SA,4,0.003879728
1994,4,SSA,963,SA,3,0.003115265
1994,5,SSA,286,SA,2,0.006993007
1994,All,SSA,5294,SA,13,0.00245561
1993,1,SSA,556,SA,1,0.001798561
1993,2,SSA,2821,SA,6,0.002126905
1993,3,SSA,919,SA,3,0.003264418
1993,4,SSA,907,SA,4,0.004410143
1993,All,SSA,5015,SA,12,0.002392822
1992,2,SSA,2852,SA,1,0.000350631
1992,4,SSA,896,SA,2,0.002232143
1992,5,SSA,229,SA,1,0.004366812
1992,All,SSA,4966,SA,4,0.000805477
1991,1,SSA,500,SA,1,0.002
1991,2,SSA,2782,SA,2,0.000718907
1991,3,SSA,808,SA,5,0.006188119
1991,4,SSA,940,SA,4,0.004255319
1991,All,SSA,4832,SA,11,0.00227649
1990,2,SSA,2939,SA,6,0.002041511
1990,3,SSA,785,SA,1,0.001273885
1990,4,SSA,929,SA,2,0.002152853
1990,5,SSA,219,SA,2,0.00913242
1990,All,SSA,4953,SA,11,0.002220876
2023,1,SSA,16101,NA,1320,0.081982486
2023,2,SSA,33241,NA,7933,0.238651063
2023,3,SSA,14186,NA,1161,0.081841252
2023,4,SSA,12974,NA,1488,0.11469092
2023,5,SSA,5762,NA,391,0.067858383
2023,All,SSA,72290,NA,11090,0.153409877
2022,1,SSA,17023,NA,1457,0.085590084
2022,2,SSA,38683,NA,8999,0.232634491
2022,3,SSA,16126,NA,1194,0.07404192
2022,4,SSA,14854,NA,1793,0.120708227
2022,5,SSA,6861,NA,476,0.069377642
2022,All,SSA,82435,NA,12497,0.151598229
2021,1,SSA,16354,NA,1326,0.081081081
2021,2,SSA,38678,NA,9271,0.239696985
2021,3,SSA,15195,NA,1172,0.077130635
2021,4,SSA,14460,NA,1709,0.118188105
2021,5,SSA,6066,NA,403,0.066435872
2021,All,SSA,80257,NA,12528,0.156098533
2020,1,SSA,14336,NA,1261,0.087960379
2020,2,SSA,37624,NA,9122,0.242451627
2020,3,SSA,13264,NA,1122,0.084589867
2020,4,SSA,12714,NA,1671,0.13142992
2020,5,SSA,5343,NA,377,0.070559611
2020,All,SSA,73718,NA,12174,0.165142842
2019,1,SSA,10863,NA,983,0.090490656
2019,2,SSA,27899,NA,7062,0.253127352
2019,3,SSA,11623,NA,908,0.078120967
2019,4,SSA,9893,NA,1297,0.1311028
2019,5,SSA,4322,NA,278,0.064322073
2019,All,SSA,57450,NA,9508,0.165500435
2018,1,SSA,9765,NA,948,0.097081413
2018,2,SSA,24301,NA,6079,0.250154315
2018,3,SSA,9738,NA,879,0.090264941
2018,4,SSA,8843,NA,1087,0.122922085
2018,5,SSA,3573,NA,268,0.075006997
2018,All,SSA,49984,NA,8414,0.168333867
2017,1,SSA,9040,NA,755,0.083517699
2017,2,SSA,22335,NA,5680,0.25430938
2017,3,SSA,8648,NA,739,0.085453284
2017,4,SSA,7605,NA,991,0.130309007
2017,5,SSA,3218,NA,248,0.077066501
2017,All,SSA,45505,NA,7666,0.168465004
2016,1,SSA,7820,NA,783,0.100127877
2016,2,SSA,20909,NA,5006,0.239418432
2016,3,SSA,7175,NA,697,0.097142857
2016,4,SSA,6867,NA,912,0.132809087
2016,5,SSA,2639,NA,247,0.093596059
2016,All,SSA,40617,NA,6922,0.170421252
2015,1,SSA,6351,NA,640,0.100771532
2015,2,SSA,18887,NA,4515,0.239053317
2015,3,SSA,6164,NA,604,0.097988319
2015,4,SSA,5800,NA,802,0.138275862
2015,5,SSA,2343,NA,184,0.078531797
2015,All,SSA,35489,NA,6118,0.172391445
2014,1,SSA,5836,NA,540,0.09252913
2014,2,SSA,17408,NA,4051,0.232709099
2014,3,SSA,5630,NA,540,0.095914742
2014,4,SSA,5333,NA,710,0.133133321
2014,5,SSA,2056,NA,158,0.076848249
2014,All,SSA,32708,NA,5478,0.167481962
2013,1,SSA,4477,NA,445,0.099396918
2013,2,SSA,14905,NA,3292,0.220865481
2013,3,SSA,4995,NA,543,0.108708709
2013,4,SSA,4232,NA,645,0.152410208
2013,5,SSA,1904,NA,136,0.071428571
2013,All,SSA,27516,NA,4600,0.167175462
2012,1,SSA,3817,NA,379,0.099292638
2012,2,SSA,12783,NA,2815,0.220214347
2012,3,SSA,4574,NA,465,0.101661565
2012,4,SSA,3611,NA,526,0.14566602
2012,5,SSA,1560,NA,119,0.076282051
2012,All,SSA,23815,NA,3936,0.165273987
2011,1,SSA,3139,NA,300,0.095571838
2011,2,SSA,11570,NA,2530,0.218668971
2011,3,SSA,3788,NA,400,0.105596621
2011,4,SSA,3362,NA,468,0.139202855
2011,5,SSA,1416,NA,103,0.072740113
2011,All,SSA,21033,NA,3454,0.164218133
2010,1,SSA,2919,NA,291,0.099691675
2010,2,SSA,10122,NA,2035,0.201047224
2010,3,SSA,3044,NA,331,0.108738502
2010,4,SSA,3035,NA,464,0.152883031
2010,5,SSA,1162,NA,82,0.070567986
2010,All,SSA,18400,NA,2899,0.157554348
2009,1,SSA,2568,NA,243,0.094626168
2009,2,SSA,8884,NA,1734,0.19518235
2009,3,SSA,2819,NA,273,0.096842852
2009,4,SSA,2762,NA,411,0.148805214
2009,5,SSA,1168,NA,92,0.078767123
2009,All,SSA,16496,NA,2494,0.151188167
2008,1,SSA,2243,NA,211,0.094070441
2008,2,SSA,8232,NA,1482,0.180029155
2008,3,SSA,2304,NA,209,0.090711806
2008,4,SSA,2307,NA,298,0.129172085
2008,5,SSA,1062,NA,72,0.06779661
2008,All,SSA,14596,NA,2052,0.140586462
2007,1,SSA,1787,NA,159,0.088975937
2007,2,SSA,7382,NA,1291,0.174884855
2007,3,SSA,2275,NA,223,0.098021978
2007,4,SSA,2382,NA,300,0.125944584
2007,5,SSA,986,NA,64,0.064908722
2007,All,SSA,13368,NA,1840,0.13764213
2006,1,SSA,1754,NA,135,0.076966933
2006,2,SSA,6556,NA,1143,0.174344112
2006,3,SSA,2018,NA,183,0.090683845
2006,4,SSA,2386,NA,273,0.114417435
2006,5,SSA,845,NA,50,0.059171598
2006,All,SSA,12291,NA,1629,0.132536002
2005,1,SSA,1458,NA,102,0.069958848
2005,2,SSA,6074,NA,881,0.145044452
2005,3,SSA,1746,NA,168,0.096219931
2005,4,SSA,1969,NA,235,0.119349924
2005,5,SSA,701,NA,75,0.106990014
2005,All,SSA,10793,NA,1297,0.120170481
2004,1,SSA,1230,NA,82,0.066666667
2004,2,SSA,5042,NA,713,0.141412138
2004,3,SSA,1681,NA,162,0.096371208
2004,4,SSA,1902,NA,229,0.120399579
2004,5,SSA,618,NA,42,0.067961165
2004,All,SSA,9445,NA,1107,0.11720487
2003,1,SSA,965,NA,78,0.080829016
2003,2,SSA,4334,NA,583,0.134517766
2003,3,SSA,1376,NA,141,0.10247093
2003,4,SSA,1619,NA,181,0.111797406
2003,5,SSA,470,NA,52,0.110638298
2003,All,SSA,8002,NA,946,0.118220445
2002,1,SSA,909,NA,62,0.068206821
2002,2,SSA,4210,NA,483,0.114726841
2002,3,SSA,1368,NA,115,0.084064327
2002,4,SSA,1551,NA,147,0.094777563
2002,5,SSA,501,NA,43,0.085828343
2002,All,SSA,7777,NA,779,0.10016716
2001,1,SSA,809,NA,52,0.064276885
2001,2,SSA,3788,NA,389,0.102692714
2001,3,SSA,1227,NA,115,0.093724531
2001,4,SSA,1381,NA,113,0.081824765
2001,5,SSA,394,NA,30,0.076142132
2001,All,SSA,6941,NA,641,0.092349806
2000,1,SSA,806,NA,70,0.086848635
2000,2,SSA,3611,NA,417,0.115480476
2000,3,SSA,1115,NA,93,0.083408072
2000,4,SSA,1280,NA,108,0.084375
2000,5,SSA,354,NA,32,0.09039548
2000,All,SSA,6534,NA,656,0.100397919
1999,1,SSA,747,NA,60,0.080321285
1999,2,SSA,3250,NA,333,0.102461538
1999,3,SSA,1234,NA,111,0.089951378
1999,4,SSA,1211,NA,95,0.078447564
1999,5,SSA,372,NA,28,0.075268817
1999,All,SSA,6224,NA,567,0.091098972
1998,1,SSA,682,NA,48,0.070381232
1998,2,SSA,3138,NA,262,0.08349267
1998,3,SSA,1024,NA,92,0.08984375
1998,4,SSA,1091,NA,102,0.093492209
1998,5,SSA,318,NA,23,0.072327044
1998,All,SSA,5687,NA,473,0.083172147
1997,1,SSA,642,NA,45,0.070093458
1997,2,SSA,3136,NA,248,0.079081633
1997,3,SSA,932,NA,68,0.072961373
1997,4,SSA,1101,NA,99,0.089918256
1997,5,SSA,271,NA,26,0.095940959
1997,All,SSA,5595,NA,453,0.080965147
1996,1,SSA,667,NA,44,0.065967016
1996,2,SSA,2892,NA,241,0.083333333
1996,3,SSA,1047,NA,98,0.093600764
1996,4,SSA,1070,NA,92,0.085981308
1996,5,SSA,285,NA,26,0.09122807
1996,All,SSA,5436,NA,447,0.082229581
1995,1,SSA,648,NA,44,0.067901235
1995,2,SSA,2779,NA,171,0.061532926
1995,3,SSA,1002,NA,63,0.062874251
1995,4,SSA,1005,NA,80,0.07960199
1995,5,SSA,288,NA,38,0.131944444
1995,All,SSA,5251,NA,360,0.06855837
1994,1,SSA,596,NA,33,0.055369128
1994,2,SSA,2926,NA,190,0.064935065
1994,3,SSA,1031,NA,60,0.058195926
1994,4,SSA,963,NA,86,0.089304258
1994,5,SSA,286,NA,23,0.08041958
1994,All,SSA,5294,NA,357,0.067434832
1993,1,SSA,556,NA,38,0.068345324
1993,2,SSA,2821,NA,161,0.05707196
1993,3,SSA,919,NA,48,0.052230686
1993,4,SSA,907,NA,66,0.072767365
1993,5,SSA,247,NA,31,0.125506073
1993,All,SSA,5015,NA,311,0.062013958
1992,1,SSA,508,NA,28,0.05511811
1992,2,SSA,2852,NA,160,0.056100982
1992,3,SSA,930,NA,43,0.046236559
1992,4,SSA,896,NA,51,0.056919643
1992,5,SSA,229,NA,12,0.052401747
1992,All,SSA,4966,NA,263,0.052960129
1991,1,SSA,500,NA,30,0.06
1991,2,SSA,2782,NA,144,0.051761323
1991,3,SSA,808,NA,54,0.066831683
1991,4,SSA,940,NA,53,0.056382979
1991,5,SSA,259,NA,17,0.065637066
1991,All,SSA,4832,NA,274,0.056705298
1990,1,SSA,506,NA,19,0.037549407
1990,2,SSA,2939,NA,117,0.039809459
1990,3,SSA,785,NA,43,0.05477707
1990,4,SSA,929,NA,45,0.048439182
1990,5,SSA,219,NA,26,0.118721461
1990,All,SSA,4953,NA,227,0.04583081
2023,1,SSA,16101,MENA,348,0.021613564
2023,2,SSA,33241,MENA,1581,0.047561746
2023,3,SSA,14186,MENA,1642,0.11574792
2023,4,SSA,12974,MENA,583,0.044936026
2023,5,SSA,5762,MENA,574,0.099618188
2023,All,SSA,72290,MENA,4238,0.058624983
2022,1,SSA,17023,MENA,336,0.019738002
2022,2,SSA,38683,MENA,1838,0.047514412
2022,3,SSA,16126,MENA,1856,0.115093638
2022,4,SSA,14854,MENA,654,0.044028544
2022,5,SSA,6861,MENA,663,0.096633144
2022,All,SSA,82435,MENA,4792,0.058130648
2021,1,SSA,16354,MENA,254,0.015531368
2021,2,SSA,38678,MENA,1800,0.046538084
2021,3,SSA,15195,MENA,1440,0.094768016
2021,4,SSA,14460,MENA,588,0.0406639
2021,5,SSA,6066,MENA,474,0.078140455
2021,All,SSA,80257,MENA,4084,0.050886527
2020,1,SSA,14336,MENA,206,0.01436942
2020,2,SSA,37624,MENA,1432,0.038060812
2020,3,SSA,13264,MENA,969,0.073054885
2020,4,SSA,12714,MENA,397,0.031225421
2020,5,SSA,5343,MENA,337,0.06307318
2020,All,SSA,73718,MENA,2997,0.040654928
2019,1,SSA,10863,MENA,111,0.010218172
2019,2,SSA,27899,MENA,886,0.031757411
2019,3,SSA,11623,MENA,760,0.065387594
2019,4,SSA,9893,MENA,286,0.02890933
2019,5,SSA,4322,MENA,213,0.049282739
2019,All,SSA,57450,MENA,2021,0.035178416
2018,1,SSA,9765,MENA,99,0.010138249
2018,2,SSA,24301,MENA,738,0.030369121
2018,3,SSA,9738,MENA,682,0.070034915
2018,4,SSA,8843,MENA,223,0.025217686
2018,5,SSA,3573,MENA,174,0.048698573
2018,All,SSA,49984,MENA,1747,0.034951184
2017,1,SSA,9040,MENA,62,0.006858407
2017,2,SSA,22335,MENA,683,0.030579807
2017,3,SSA,8648,MENA,507,0.058626272
2017,4,SSA,7605,MENA,146,0.019197896
2017,5,SSA,3218,MENA,121,0.037600994
2017,All,SSA,45505,MENA,1389,0.030524118
2016,1,SSA,7820,MENA,53,0.006777494
2016,2,SSA,20909,MENA,549,0.026256636
2016,3,SSA,7175,MENA,402,0.056027875
2016,4,SSA,6867,MENA,123,0.017911752
2016,5,SSA,2639,MENA,83,0.031451307
2016,All,SSA,40617,MENA,1127,0.027747002
2015,1,SSA,6351,MENA,56,0.008817509
2015,2,SSA,18887,MENA,454,0.024037698
2015,3,SSA,6164,MENA,291,0.047209604
2015,4,SSA,5800,MENA,134,0.023103448
2015,5,SSA,2343,MENA,106,0.045241144
2015,All,SSA,35489,MENA,951,0.026797036
2014,1,SSA,5836,MENA,35,0.005997258
2014,2,SSA,17408,MENA,354,0.020335478
2014,3,SSA,5630,MENA,257,0.045648313
2014,4,SSA,5333,MENA,84,0.015750984
2014,5,SSA,2056,MENA,106,0.05155642
2014,All,SSA,32708,MENA,770,0.023541641
2013,1,SSA,4477,MENA,22,0.004914005
2013,2,SSA,14905,MENA,286,0.019188192
2013,3,SSA,4995,MENA,216,0.043243243
2013,4,SSA,4232,MENA,89,0.021030246
2013,5,SSA,1904,MENA,80,0.042016807
2013,All,SSA,27516,MENA,631,0.022932112
2012,1,SSA,3817,MENA,16,0.004191774
2012,2,SSA,12783,MENA,221,0.017288586
2012,3,SSA,4574,MENA,181,0.039571491
2012,4,SSA,3611,MENA,63,0.017446691
2012,5,SSA,1560,MENA,67,0.042948718
2012,All,SSA,23815,MENA,501,0.021037161
2011,1,SSA,3139,MENA,8,0.002548582
2011,2,SSA,11570,MENA,215,0.018582541
2011,3,SSA,3788,MENA,105,0.027719113
2011,4,SSA,3362,MENA,61,0.018143962
2011,5,SSA,1416,MENA,45,0.031779661
2011,All,SSA,21033,MENA,391,0.018589835
2010,1,SSA,2919,MENA,14,0.004796163
2010,2,SSA,10122,MENA,180,0.017783047
2010,3,SSA,3044,MENA,56,0.018396846
2010,4,SSA,3035,MENA,50,0.016474465
2010,5,SSA,1162,MENA,30,0.025817556
2010,All,SSA,18400,MENA,305,0.016576087
2009,1,SSA,2568,MENA,17,0.006619938
2009,2,SSA,8884,MENA,137,0.015420982
2009,3,SSA,2819,MENA,65,0.023057822
2009,4,SSA,2762,MENA,48,0.017378711
2009,5,SSA,1168,MENA,29,0.024828767
2009,All,SSA,16496,MENA,256,0.015518914
2008,1,SSA,2243,MENA,10,0.004458315
2008,2,SSA,8232,MENA,116,0.014091351
2008,3,SSA,2304,MENA,46,0.019965278
2008,4,SSA,2307,MENA,24,0.010403121
2008,5,SSA,1062,MENA,15,0.014124294
2008,All,SSA,14596,MENA,187,0.012811729
2007,1,SSA,1787,MENA,6,0.003357583
2007,2,SSA,7382,MENA,107,0.014494717
2007,3,SSA,2275,MENA,29,0.012747253
2007,4,SSA,2382,MENA,32,0.013434089
2007,5,SSA,986,MENA,28,0.028397566
2007,All,SSA,13368,MENA,185,0.013839019
2006,1,SSA,1754,MENA,6,0.003420753
2006,2,SSA,6556,MENA,76,0.011592434
2006,3,SSA,2018,MENA,30,0.014866204
2006,4,SSA,2386,MENA,24,0.010058676
2006,5,SSA,845,MENA,25,0.029585799
2006,All,SSA,12291,MENA,145,0.01179725
2005,1,SSA,1458,MENA,2,0.001371742
2005,2,SSA,6074,MENA,54,0.008890352
2005,3,SSA,1746,MENA,20,0.011454754
2005,4,SSA,1969,MENA,14,0.007110208
2005,5,SSA,701,MENA,11,0.015691869
2005,All,SSA,10793,MENA,93,0.008616696
2004,1,SSA,1230,MENA,2,0.001626016
2004,2,SSA,5042,MENA,40,0.00793336
2004,3,SSA,1681,MENA,44,0.026174896
2004,4,SSA,1902,MENA,18,0.009463722
2004,5,SSA,618,MENA,3,0.004854369
2004,All,SSA,9445,MENA,93,0.00984648
2003,1,SSA,965,MENA,3,0.003108808
2003,2,SSA,4334,MENA,38,0.008767882
2003,3,SSA,1376,MENA,33,0.023982558
2003,4,SSA,1619,MENA,15,0.009264978
2003,5,SSA,470,MENA,6,0.012765957
2003,All,SSA,8002,MENA,86,0.010747313
2002,1,SSA,909,MENA,1,0.00110011
2002,2,SSA,4210,MENA,42,0.009976247
2002,3,SSA,1368,MENA,20,0.014619883
2002,4,SSA,1551,MENA,14,0.009026435
2002,5,SSA,501,MENA,6,0.011976048
2002,All,SSA,7777,MENA,76,0.009772406
2001,1,SSA,809,MENA,2,0.002472188
2001,2,SSA,3788,MENA,26,0.00686378
2001,3,SSA,1227,MENA,13,0.010594947
2001,4,SSA,1381,MENA,9,0.006517017
2001,5,SSA,394,MENA,2,0.005076142
2001,All,SSA,6941,MENA,50,0.007203573
2000,1,SSA,806,MENA,2,0.00248139
2000,2,SSA,3611,MENA,31,0.00858488
2000,3,SSA,1115,MENA,18,0.016143498
2000,4,SSA,1280,MENA,11,0.00859375
2000,5,SSA,354,MENA,5,0.014124294
2000,All,SSA,6534,MENA,59,0.009029691
1999,1,SSA,747,MENA,2,0.002677376
1999,2,SSA,3250,MENA,23,0.007076923
1999,3,SSA,1234,MENA,20,0.016207455
1999,4,SSA,1211,MENA,12,0.009909166
1999,5,SSA,372,MENA,4,0.010752688
1999,All,SSA,6224,MENA,55,0.008836761
1998,1,SSA,682,MENA,1,0.001466276
1998,2,SSA,3138,MENA,12,0.003824092
1998,3,SSA,1024,MENA,8,0.0078125
1998,4,SSA,1091,MENA,7,0.006416132
1998,5,SSA,318,MENA,4,0.012578616
1998,All,SSA,5687,MENA,30,0.005275189
1997,1,SSA,642,MENA,1,0.001557632
1997,2,SSA,3136,MENA,17,0.005420918
1997,3,SSA,932,MENA,13,0.013948498
1997,4,SSA,1101,MENA,9,0.008174387
1997,5,SSA,271,MENA,3,0.011070111
1997,All,SSA,5595,MENA,42,0.007506702
1996,1,SSA,667,MENA,1,0.00149925
1996,2,SSA,2892,MENA,25,0.008644537
1996,3,SSA,1047,MENA,8,0.007640879
1996,4,SSA,1070,MENA,10,0.009345794
1996,5,SSA,285,MENA,2,0.007017544
1996,All,SSA,5436,MENA,41,0.007542311
1995,1,SSA,648,MENA,4,0.00617284
1995,2,SSA,2779,MENA,15,0.005397625
1995,3,SSA,1002,MENA,4,0.003992016
1995,4,SSA,1005,MENA,4,0.0039801
1995,5,SSA,288,MENA,6,0.020833333
1995,All,SSA,5251,MENA,26,0.004951438
1994,1,SSA,596,MENA,3,0.005033557
1994,2,SSA,2926,MENA,21,0.007177033
1994,3,SSA,1031,MENA,6,0.005819593
1994,4,SSA,963,MENA,12,0.012461059
1994,5,SSA,286,MENA,6,0.020979021
1994,All,SSA,5294,MENA,43,0.008122403
1993,1,SSA,556,MENA,1,0.001798561
1993,2,SSA,2821,MENA,18,0.006380716
1993,3,SSA,919,MENA,9,0.009793254
1993,4,SSA,907,MENA,4,0.004410143
1993,5,SSA,247,MENA,2,0.008097166
1993,All,SSA,5015,MENA,30,0.005982054
1992,1,SSA,508,MENA,15,0.029527559
1992,2,SSA,2852,MENA,13,0.004558205
1992,3,SSA,930,MENA,3,0.003225806
1992,4,SSA,896,MENA,14,0.015625
1992,5,SSA,229,MENA,3,0.013100437
1992,All,SSA,4966,MENA,40,0.008054772
1991,2,SSA,2782,MENA,11,0.00395399
1991,3,SSA,808,MENA,7,0.008663366
1991,4,SSA,940,MENA,2,0.00212766
1991,5,SSA,259,MENA,1,0.003861004
1991,All,SSA,4832,MENA,21,0.004346026
1990,2,SSA,2939,MENA,12,0.004083021
1990,3,SSA,785,MENA,3,0.003821656
1990,4,SSA,929,MENA,2,0.002152853
1990,5,SSA,219,MENA,4,0.01826484
1990,All,SSA,4953,MENA,16,0.003230365
2023,1,SSA,16101,LAC,226,0.014036395
2023,2,SSA,33241,LAC,1244,0.037423664
2023,3,SSA,14186,LAC,392,0.027632877
2023,4,SSA,12974,LAC,476,0.036688762
2023,5,SSA,5762,LAC,94,0.01631378
2023,All,SSA,72290,LAC,2092,0.028938996
2022,1,SSA,17023,LAC,194,0.011396346
2022,2,SSA,38683,LAC,1413,0.036527674
2022,3,SSA,16126,LAC,377,0.023378395
2022,4,SSA,14854,LAC,564,0.03796957
2022,5,SSA,6861,LAC,125,0.018218919
2022,All,SSA,82435,LAC,2316,0.028094863
2021,1,SSA,16354,LAC,210,0.012840895
2021,2,SSA,38678,LAC,1484,0.038368065
2021,3,SSA,15195,LAC,389,0.025600526
2021,4,SSA,14460,LAC,549,0.037966805
2021,5,SSA,6066,LAC,130,0.021430926
2021,All,SSA,80257,LAC,2411,0.030040993
2020,1,SSA,14336,LAC,180,0.012555804
2020,2,SSA,37624,LAC,1369,0.036386349
2020,3,SSA,13264,LAC,361,0.027216526
2020,4,SSA,12714,LAC,472,0.03712443
2020,5,SSA,5343,LAC,127,0.023769418
2020,All,SSA,73718,LAC,2196,0.029789197
2019,1,SSA,10863,LAC,109,0.010034061
2019,2,SSA,27899,LAC,925,0.03315531
2019,3,SSA,11623,LAC,306,0.02632711
2019,4,SSA,9893,LAC,403,0.040735874
2019,5,SSA,4322,LAC,78,0.0180472
2019,All,SSA,57450,LAC,1568,0.027293299
2018,1,SSA,9765,LAC,97,0.009933436
2018,2,SSA,24301,LAC,824,0.03390807
2018,3,SSA,9738,LAC,279,0.028650647
2018,4,SSA,8843,LAC,308,0.034829809
2018,5,SSA,3573,LAC,56,0.015673104
2018,All,SSA,49984,LAC,1362,0.02724872
2017,1,SSA,9040,LAC,75,0.00829646
2017,2,SSA,22335,LAC,731,0.032728901
2017,3,SSA,8648,LAC,248,0.028677151
2017,4,SSA,7605,LAC,278,0.036554898
2017,5,SSA,3218,LAC,63,0.019577377
2017,All,SSA,45505,LAC,1251,0.027491484
2016,1,SSA,7820,LAC,85,0.010869565
2016,2,SSA,20909,LAC,687,0.032856665
2016,3,SSA,7175,LAC,207,0.028850174
2016,4,SSA,6867,LAC,261,0.038007864
2016,5,SSA,2639,LAC,66,0.025009473
2016,All,SSA,40617,LAC,1141,0.028091686
2015,1,SSA,6351,LAC,47,0.007400409
2015,2,SSA,18887,LAC,556,0.029438238
2015,3,SSA,6164,LAC,143,0.023199221
2015,4,SSA,5800,LAC,200,0.034482759
2015,5,SSA,2343,LAC,49,0.020913359
2015,All,SSA,35489,LAC,889,0.025050015
2014,1,SSA,5836,LAC,40,0.00685401
2014,2,SSA,17408,LAC,486,0.027918199
2014,3,SSA,5630,LAC,146,0.025932504
2014,4,SSA,5333,LAC,169,0.031689481
2014,5,SSA,2056,LAC,36,0.017509728
2014,All,SSA,32708,LAC,785,0.024000245
2013,1,SSA,4477,LAC,25,0.005584096
2013,2,SSA,14905,LAC,366,0.024555518
2013,3,SSA,4995,LAC,159,0.031831832
2013,4,SSA,4232,LAC,139,0.032844991
2013,5,SSA,1904,LAC,28,0.014705882
2013,All,SSA,27516,LAC,640,0.023259195
2012,1,SSA,3817,LAC,15,0.003929788
2012,2,SSA,12783,LAC,298,0.023312212
2012,3,SSA,4574,LAC,88,0.019239178
2012,4,SSA,3611,LAC,97,0.026862365
2012,5,SSA,1560,LAC,19,0.012179487
2012,All,SSA,23815,LAC,457,0.019189586
2011,1,SSA,3139,LAC,21,0.006690029
2011,2,SSA,11570,LAC,293,0.025324114
2011,3,SSA,3788,LAC,70,0.018479409
2011,4,SSA,3362,LAC,101,0.030041642
2011,5,SSA,1416,LAC,11,0.007768362
2011,All,SSA,21033,LAC,453,0.021537584
2010,1,SSA,2919,LAC,25,0.008564577
2010,2,SSA,10122,LAC,237,0.023414345
2010,3,SSA,3044,LAC,63,0.020696452
2010,4,SSA,3035,LAC,90,0.029654036
2010,5,SSA,1162,LAC,11,0.009466437
2010,All,SSA,18400,LAC,378,0.020543478
2009,1,SSA,2568,LAC,14,0.005451713
2009,2,SSA,8884,LAC,156,0.017559658
2009,3,SSA,2819,LAC,54,0.019155729
2009,4,SSA,2762,LAC,89,0.032223027
2009,5,SSA,1168,LAC,9,0.007705479
2009,All,SSA,16496,LAC,280,0.016973812
2008,1,SSA,2243,LAC,11,0.004904146
2008,2,SSA,8232,LAC,130,0.015792031
2008,3,SSA,2304,LAC,37,0.016059028
2008,4,SSA,2307,LAC,55,0.023840485
2008,5,SSA,1062,LAC,10,0.009416196
2008,All,SSA,14596,LAC,201,0.013770896
2007,1,SSA,1787,LAC,7,0.00391718
2007,2,SSA,7382,LAC,107,0.014494717
2007,3,SSA,2275,LAC,33,0.014505495
2007,4,SSA,2382,LAC,53,0.02225021
2007,5,SSA,986,LAC,10,0.010141988
2007,All,SSA,13368,LAC,182,0.013614602
2006,1,SSA,1754,LAC,4,0.002280502
2006,2,SSA,6556,LAC,88,0.013422819
2006,3,SSA,2018,LAC,31,0.015361744
2006,4,SSA,2386,LAC,43,0.018021794
2006,5,SSA,845,LAC,4,0.004733728
2006,All,SSA,12291,LAC,148,0.012041331
2005,1,SSA,1458,LAC,5,0.003429355
2005,2,SSA,6074,LAC,66,0.010865986
2005,3,SSA,1746,LAC,26,0.01489118
2005,4,SSA,1969,LAC,25,0.0126968
2005,5,SSA,701,LAC,4,0.005706134
2005,All,SSA,10793,LAC,111,0.010284444
2004,1,SSA,1230,LAC,5,0.004065041
2004,2,SSA,5042,LAC,69,0.013685046
2004,3,SSA,1681,LAC,32,0.019036288
2004,4,SSA,1902,LAC,25,0.013144059
2004,5,SSA,618,LAC,1,0.001618123
2004,All,SSA,9445,LAC,112,0.011858126
2003,1,SSA,965,LAC,5,0.005181347
2003,2,SSA,4334,LAC,54,0.012459622
2003,3,SSA,1376,LAC,29,0.021075581
2003,4,SSA,1619,LAC,32,0.019765287
2003,5,SSA,470,LAC,1,0.00212766
2003,All,SSA,8002,LAC,110,0.013746563
2002,1,SSA,909,LAC,2,0.00220022
2002,2,SSA,4210,LAC,39,0.009263658
2002,3,SSA,1368,LAC,25,0.018274854
2002,4,SSA,1551,LAC,19,0.012250161
2002,5,SSA,501,LAC,6,0.011976048
2002,All,SSA,7777,LAC,76,0.009772406
2001,1,SSA,809,LAC,2,0.002472188
2001,2,SSA,3788,LAC,33,0.008711721
2001,3,SSA,1227,LAC,22,0.01792991
2001,4,SSA,1381,LAC,20,0.014482259
2001,5,SSA,394,LAC,2,0.005076142
2001,All,SSA,6941,LAC,73,0.010517217
2000,1,SSA,806,LAC,4,0.004962779
2000,2,SSA,3611,LAC,23,0.006369427
2000,3,SSA,1115,LAC,13,0.011659193
2000,4,SSA,1280,LAC,15,0.01171875
2000,5,SSA,354,LAC,3,0.008474576
2000,All,SSA,6534,LAC,50,0.00765228
1999,1,SSA,747,LAC,1,0.001338688
1999,2,SSA,3250,LAC,12,0.003692308
1999,3,SSA,1234,LAC,10,0.008103728
1999,4,SSA,1211,LAC,11,0.009083402
1999,5,SSA,372,LAC,3,0.008064516
1999,All,SSA,6224,LAC,31,0.00498072
1998,1,SSA,682,LAC,2,0.002932551
1998,2,SSA,3138,LAC,12,0.003824092
1998,3,SSA,1024,LAC,14,0.013671875
1998,4,SSA,1091,LAC,7,0.006416132
1998,5,SSA,318,LAC,4,0.012578616
1998,All,SSA,5687,LAC,33,0.005802708
1997,1,SSA,642,LAC,1,0.001557632
1997,2,SSA,3136,LAC,20,0.006377551
1997,3,SSA,932,LAC,9,0.009656652
1997,4,SSA,1101,LAC,5,0.004541326
1997,5,SSA,271,LAC,3,0.011070111
1997,All,SSA,5595,LAC,35,0.006255585
1996,1,SSA,667,LAC,2,0.002998501
1996,2,SSA,2892,LAC,13,0.004495159
1996,3,SSA,1047,LAC,11,0.010506208
1996,4,SSA,1070,LAC,1,0.000934579
1996,5,SSA,285,LAC,1,0.003508772
1996,All,SSA,5436,LAC,27,0.004966887
1995,1,SSA,648,LAC,1,0.00154321
1995,2,SSA,2779,LAC,12,0.0043181
1995,3,SSA,1002,LAC,4,0.003992016
1995,4,SSA,1005,LAC,1,0.000995025
1995,5,SSA,288,LAC,3,0.010416667
1995,All,SSA,5251,LAC,19,0.003618358
1994,1,SSA,596,LAC,1,0.001677852
1994,2,SSA,2926,LAC,11,0.003759398
1994,3,SSA,1031,LAC,5,0.004849661
1994,4,SSA,963,LAC,3,0.003115265
1994,5,SSA,286,LAC,2,0.006993007
1994,All,SSA,5294,LAC,19,0.003588969
1993,2,SSA,2821,LAC,15,0.005317263
1993,3,SSA,919,LAC,4,0.004352557
1993,4,SSA,907,LAC,4,0.004410143
1993,5,SSA,247,LAC,1,0.004048583
1993,All,SSA,5015,LAC,22,0.004386839
1992,1,SSA,508,LAC,1,0.001968504
1992,2,SSA,2852,LAC,7,0.002454418
1992,3,SSA,930,LAC,6,0.006451613
1992,4,SSA,896,LAC,2,0.002232143
1992,5,SSA,229,LAC,1,0.004366812
1992,All,SSA,4966,LAC,15,0.00302054
1991,1,SSA,500,LAC,1,0.002
1991,2,SSA,2782,LAC,6,0.002156722
1991,3,SSA,808,LAC,3,0.003712871
1991,4,SSA,940,LAC,2,0.00212766
1991,5,SSA,259,LAC,1,0.003861004
1991,All,SSA,4832,LAC,12,0.002483444
1990,2,SSA,2939,LAC,7,0.002381763
1990,3,SSA,785,LAC,2,0.002547771
1990,4,SSA,929,LAC,3,0.003229279
1990,All,SSA,4953,LAC,11,0.002220876
2023,1,SSA,16101,ECA,2655,0.16489659
2023,2,SSA,33241,ECA,9924,0.298546975
2023,3,SSA,14186,ECA,3199,0.225504018
2023,4,SSA,12974,ECA,3303,0.254586095
2023,5,SSA,5762,ECA,1032,0.179104478
2023,All,SSA,72290,ECA,17754,0.245594135
2022,1,SSA,17023,ECA,2730,0.160371262
2022,2,SSA,38683,ECA,11512,0.297598428
2022,3,SSA,16126,ECA,3247,0.201351854
2022,4,SSA,14854,ECA,3785,0.254813518
2022,5,SSA,6861,ECA,1199,0.174755866
2022,All,SSA,82435,ECA,19884,0.241208225
2021,1,SSA,16354,ECA,2759,0.168704904
2021,2,SSA,38678,ECA,12161,0.314416464
2021,3,SSA,15195,ECA,3398,0.223626193
2021,4,SSA,14460,ECA,3825,0.264522822
2021,5,SSA,6066,ECA,1136,0.187273327
2021,All,SSA,80257,ECA,20652,0.257323349
2020,1,SSA,14336,ECA,2441,0.170270647
2020,2,SSA,37624,ECA,11328,0.301084414
2020,3,SSA,13264,ECA,2967,0.223688179
2020,4,SSA,12714,ECA,3516,0.27654554
2020,5,SSA,5343,ECA,1040,0.194647202
2020,All,SSA,73718,ECA,18876,0.256056865
2019,1,SSA,10863,ECA,1829,0.168369695
2019,2,SSA,27899,ECA,8564,0.306964407
2019,3,SSA,11623,ECA,2460,0.211649316
2019,4,SSA,9893,ECA,2773,0.280299201
2019,5,SSA,4322,ECA,798,0.184636742
2019,All,SSA,57450,ECA,14647,0.254952132
2018,1,SSA,9765,ECA,1650,0.168970814
2018,2,SSA,24301,ECA,7718,0.317600099
2018,3,SSA,9738,ECA,2152,0.220989936
2018,4,SSA,8843,ECA,2575,0.291190772
2018,5,SSA,3573,ECA,672,0.188077246
2018,All,SSA,49984,ECA,13126,0.262604033
2017,1,SSA,9040,ECA,1370,0.151548673
2017,2,SSA,22335,ECA,7020,0.314304903
2017,3,SSA,8648,ECA,1913,0.221207216
2017,4,SSA,7605,ECA,2199,0.289151874
2017,5,SSA,3218,ECA,594,0.1845867
2017,All,SSA,45505,ECA,11796,0.259224261
2016,1,SSA,7820,ECA,1254,0.160358056
2016,2,SSA,20909,ECA,6470,0.309436128
2016,3,SSA,7175,ECA,1707,0.237909408
2016,4,SSA,6867,ECA,2088,0.30406291
2016,5,SSA,2639,ECA,545,0.20651762
2016,All,SSA,40617,ECA,10739,0.264396681
2015,1,SSA,6351,ECA,1002,0.15777043
2015,2,SSA,18887,ECA,5724,0.303065601
2015,3,SSA,6164,ECA,1433,0.23247891
2015,4,SSA,5800,ECA,1845,0.318103448
2015,5,SSA,2343,ECA,429,0.183098592
2015,All,SSA,35489,ECA,9407,0.265068049
2014,1,SSA,5836,ECA,859,0.147189856
2014,2,SSA,17408,ECA,5149,0.295783548
2014,3,SSA,5630,ECA,1411,0.25062167
2014,4,SSA,5333,ECA,1710,0.32064504
2014,5,SSA,2056,ECA,412,0.200389105
2014,All,SSA,32708,ECA,8566,0.261893115
2013,1,SSA,4477,ECA,698,0.155907974
2013,2,SSA,14905,ECA,4465,0.299563905
2013,3,SSA,4995,ECA,1375,0.275275275
2013,4,SSA,4232,ECA,1482,0.350189036
2013,5,SSA,1904,ECA,355,0.18644958
2013,All,SSA,27516,ECA,7526,0.273513592
2012,1,SSA,3817,ECA,575,0.150641865
2012,2,SSA,12783,ECA,3947,0.308769459
2012,3,SSA,4574,ECA,1162,0.2540446
2012,4,SSA,3611,ECA,1232,0.341179729
2012,5,SSA,1560,ECA,278,0.178205128
2012,All,SSA,23815,ECA,6453,0.270963678
2011,1,SSA,3139,ECA,456,0.145269194
2011,2,SSA,11570,ECA,3522,0.304407952
2011,3,SSA,3788,ECA,1012,0.267159451
2011,4,SSA,3362,ECA,1202,0.357525283
2011,5,SSA,1416,ECA,265,0.187146893
2011,All,SSA,21033,ECA,5811,0.276280131
2010,1,SSA,2919,ECA,400,0.137033231
2010,2,SSA,10122,ECA,3177,0.313870777
2010,3,SSA,3044,ECA,753,0.247371879
2010,4,SSA,3035,ECA,997,0.328500824
2010,5,SSA,1162,ECA,198,0.170395869
2010,All,SSA,18400,ECA,5004,0.271956522
2009,1,SSA,2568,ECA,353,0.137461059
2009,2,SSA,8884,ECA,2667,0.300202611
2009,3,SSA,2819,ECA,753,0.267115999
2009,4,SSA,2762,ECA,959,0.347212165
2009,5,SSA,1168,ECA,245,0.209760274
2009,All,SSA,16496,ECA,4462,0.270489816
2008,1,SSA,2243,ECA,286,0.127507802
2008,2,SSA,8232,ECA,2376,0.288629738
2008,3,SSA,2304,ECA,587,0.254774306
2008,4,SSA,2307,ECA,753,0.326397919
2008,5,SSA,1062,ECA,185,0.174199623
2008,All,SSA,14596,ECA,3778,0.258838038
2007,1,SSA,1787,ECA,232,0.129826525
2007,2,SSA,7382,ECA,2068,0.280140883
2007,3,SSA,2275,ECA,601,0.264175824
2007,4,SSA,2382,ECA,744,0.312342569
2007,5,SSA,986,ECA,158,0.160243408
2007,All,SSA,13368,ECA,3409,0.255011969
2006,1,SSA,1754,ECA,194,0.110604333
2006,2,SSA,6556,ECA,1873,0.285692495
2006,3,SSA,2018,ECA,518,0.256689792
2006,4,SSA,2386,ECA,739,0.309723386
2006,5,SSA,845,ECA,130,0.153846154
2006,All,SSA,12291,ECA,3131,0.25473924
2005,1,SSA,1458,ECA,147,0.100823045
2005,2,SSA,6074,ECA,1529,0.25172868
2005,3,SSA,1746,ECA,503,0.288087056
2005,4,SSA,1969,ECA,560,0.284408329
2005,5,SSA,701,ECA,99,0.141226819
2005,All,SSA,10793,ECA,2541,0.235430372
2004,1,SSA,1230,ECA,118,0.095934959
2004,2,SSA,5042,ECA,1360,0.269734232
2004,3,SSA,1681,ECA,424,0.252230815
2004,4,SSA,1902,ECA,507,0.266561514
2004,5,SSA,618,ECA,98,0.158576052
2004,All,SSA,9445,ECA,2251,0.238327157
2003,1,SSA,965,ECA,111,0.115025907
2003,2,SSA,4334,ECA,1137,0.262344255
2003,3,SSA,1376,ECA,379,0.275436047
2003,4,SSA,1619,ECA,415,0.256331069
2003,5,SSA,470,ECA,68,0.144680851
2003,All,SSA,8002,ECA,1940,0.24243939
2002,1,SSA,909,ECA,94,0.103410341
2002,2,SSA,4210,ECA,1006,0.238954869
2002,3,SSA,1368,ECA,338,0.247076023
2002,4,SSA,1551,ECA,388,0.250161186
2002,5,SSA,501,ECA,75,0.149700599
2002,All,SSA,7777,ECA,1734,0.222965154
2001,1,SSA,809,ECA,63,0.077873918
2001,2,SSA,3788,ECA,859,0.226768743
2001,3,SSA,1227,ECA,298,0.242868786
2001,4,SSA,1381,ECA,343,0.248370746
2001,5,SSA,394,ECA,79,0.200507614
2001,All,SSA,6941,ECA,1497,0.215674975
2000,1,SSA,806,ECA,81,0.100496278
2000,2,SSA,3611,ECA,780,0.216006646
2000,3,SSA,1115,ECA,238,0.213452915
2000,4,SSA,1280,ECA,286,0.2234375
2000,5,SSA,354,ECA,60,0.169491525
2000,All,SSA,6534,ECA,1318,0.201714111
1999,1,SSA,747,ECA,71,0.095046854
1999,2,SSA,3250,ECA,673,0.207076923
1999,3,SSA,1234,ECA,268,0.217179903
1999,4,SSA,1211,ECA,257,0.212221305
1999,5,SSA,372,ECA,47,0.126344086
1999,All,SSA,6224,ECA,1205,0.193605398
1998,1,SSA,682,ECA,66,0.096774194
1998,2,SSA,3138,ECA,590,0.188017846
1998,3,SSA,1024,ECA,205,0.200195313
1998,4,SSA,1091,ECA,239,0.219065078
1998,5,SSA,318,ECA,48,0.150943396
1998,All,SSA,5687,ECA,1029,0.180938984
1997,1,SSA,642,ECA,53,0.082554517
1997,2,SSA,3136,ECA,554,0.176658163
1997,3,SSA,932,ECA,215,0.230686695
1997,4,SSA,1101,ECA,216,0.196185286
1997,5,SSA,271,ECA,37,0.136531365
1997,All,SSA,5595,ECA,984,0.175871314
1996,1,SSA,667,ECA,46,0.068965517
1996,2,SSA,2892,ECA,487,0.168395574
1996,3,SSA,1047,ECA,198,0.189111748
1996,4,SSA,1070,ECA,174,0.162616822
1996,5,SSA,285,ECA,28,0.098245614
1996,All,SSA,5436,ECA,852,0.156732892
1995,1,SSA,648,ECA,31,0.047839506
1995,2,SSA,2779,ECA,404,0.145376035
1995,3,SSA,1002,ECA,157,0.156686627
1995,4,SSA,1005,ECA,154,0.153233831
1995,5,SSA,288,ECA,31,0.107638889
1995,All,SSA,5251,ECA,707,0.134641021
1994,1,SSA,596,ECA,31,0.052013423
1994,2,SSA,2926,ECA,377,0.128844839
1994,3,SSA,1031,ECA,139,0.134820563
1994,4,SSA,963,ECA,145,0.150571132
1994,5,SSA,286,ECA,29,0.101398601
1994,All,SSA,5294,ECA,661,0.12485833
1993,1,SSA,556,ECA,23,0.041366906
1993,2,SSA,2821,ECA,333,0.118043247
1993,3,SSA,919,ECA,139,0.15125136
1993,4,SSA,907,ECA,93,0.102535832
1993,5,SSA,247,ECA,22,0.089068826
1993,All,SSA,5015,ECA,564,0.112462612
1992,1,SSA,508,ECA,20,0.039370079
1992,2,SSA,2852,ECA,297,0.104137447
1992,3,SSA,930,ECA,112,0.120430108
1992,4,SSA,896,ECA,93,0.103794643
1992,5,SSA,229,ECA,10,0.043668122
1992,All,SSA,4966,ECA,491,0.098872332
1991,1,SSA,500,ECA,13,0.026
1991,2,SSA,2782,ECA,267,0.095974119
1991,3,SSA,808,ECA,82,0.101485149
1991,4,SSA,940,ECA,83,0.088297872
1991,5,SSA,259,ECA,25,0.096525097
1991,All,SSA,4832,ECA,416,0.086092715
1990,1,SSA,506,ECA,10,0.019762846
1990,2,SSA,2939,ECA,247,0.084042191
1990,3,SSA,785,ECA,74,0.094267516
1990,4,SSA,929,ECA,79,0.085037675
1990,5,SSA,219,ECA,12,0.054794521
1990,All,SSA,4953,ECA,388,0.078336362
2023,1,SSA,16101,EAP,1125,0.069871437
2023,2,SSA,33241,EAP,3860,0.116121657
2023,3,SSA,14186,EAP,2356,0.166079233
2023,4,SSA,12974,EAP,1719,0.132495761
2023,5,SSA,5762,EAP,654,0.113502256
2023,All,SSA,72290,EAP,8484,0.117360631
2022,1,SSA,17023,EAP,1162,0.068260589
2022,2,SSA,38683,EAP,4499,0.11630432
2022,3,SSA,16126,EAP,2690,0.166811361
2022,4,SSA,14854,EAP,2093,0.140904807
2022,5,SSA,6861,EAP,839,0.122285381
2022,All,SSA,82435,EAP,9907,0.120179535
2021,1,SSA,16354,EAP,1205,0.07368228
2021,2,SSA,38678,EAP,4673,0.120818036
2021,3,SSA,15195,EAP,2564,0.168739717
2021,4,SSA,14460,EAP,2098,0.145089903
2021,5,SSA,6066,EAP,697,0.114902737
2021,All,SSA,80257,EAP,9892,0.123254046
2020,1,SSA,14336,EAP,942,0.065708705
2020,2,SSA,37624,EAP,4190,0.111365086
2020,3,SSA,13264,EAP,2292,0.172798552
2020,4,SSA,12714,EAP,1850,0.145508888
2020,5,SSA,5343,EAP,598,0.111922141
2020,All,SSA,73718,EAP,8673,0.117651049
2019,1,SSA,10863,EAP,663,0.061032864
2019,2,SSA,27899,EAP,2983,0.106921395
2019,3,SSA,11623,EAP,1668,0.143508561
2019,4,SSA,9893,EAP,1490,0.150611544
2019,5,SSA,4322,EAP,510,0.118000925
2019,All,SSA,57450,EAP,6425,0.111836379
2018,1,SSA,9765,EAP,600,0.061443932
2018,2,SSA,24301,EAP,2532,0.104193243
2018,3,SSA,9738,EAP,1479,0.151879236
2018,4,SSA,8843,EAP,1248,0.141128576
2018,5,SSA,3573,EAP,379,0.106073328
2018,All,SSA,49984,EAP,5449,0.109014885
2017,1,SSA,9040,EAP,431,0.047676991
2017,2,SSA,22335,EAP,2211,0.098992612
2017,3,SSA,8648,EAP,1131,0.130781684
2017,4,SSA,7605,EAP,1011,0.132938856
2017,5,SSA,3218,EAP,289,0.089807334
2017,All,SSA,45505,EAP,4472,0.098274915
2016,1,SSA,7820,EAP,407,0.052046036
2016,2,SSA,20909,EAP,1923,0.091969965
2016,3,SSA,7175,EAP,853,0.118885017
2016,4,SSA,6867,EAP,867,0.126256007
2016,5,SSA,2639,EAP,239,0.090564608
2016,All,SSA,40617,EAP,3733,0.091907329
2015,1,SSA,6351,EAP,251,0.039521335
2015,2,SSA,18887,EAP,1596,0.084502568
2015,3,SSA,6164,EAP,677,0.109831278
2015,4,SSA,5800,EAP,717,0.12362069
2015,5,SSA,2343,EAP,184,0.078531797
2015,All,SSA,35489,EAP,3025,0.085237679
2014,1,SSA,5836,EAP,238,0.040781357
2014,2,SSA,17408,EAP,1280,0.073529412
2014,3,SSA,5630,EAP,720,0.127886323
2014,4,SSA,5333,EAP,588,0.110256891
2014,5,SSA,2056,EAP,177,0.086089494
2014,All,SSA,32708,EAP,2656,0.081203375
2013,1,SSA,4477,EAP,148,0.033057851
2013,2,SSA,14905,EAP,1131,0.075880577
2013,3,SSA,4995,EAP,556,0.111311311
2013,4,SSA,4232,EAP,511,0.120746692
2013,5,SSA,1904,EAP,144,0.075630252
2013,All,SSA,27516,EAP,2191,0.079626399
2012,1,SSA,3817,EAP,109,0.028556458
2012,2,SSA,12783,EAP,920,0.071970586
2012,3,SSA,4574,EAP,400,0.087450809
2012,4,SSA,3611,EAP,374,0.103572418
2012,5,SSA,1560,EAP,86,0.055128205
2012,All,SSA,23815,EAP,1672,0.070207852
2011,1,SSA,3139,EAP,96,0.030582988
2011,2,SSA,11570,EAP,791,0.068366465
2011,3,SSA,3788,EAP,348,0.09186906
2011,4,SSA,3362,EAP,363,0.107971446
2011,5,SSA,1416,EAP,77,0.054378531
2011,All,SSA,21033,EAP,1482,0.070460705
2010,1,SSA,2919,EAP,82,0.028091812
2010,2,SSA,10122,EAP,637,0.062932227
2010,3,SSA,3044,EAP,266,0.08738502
2010,4,SSA,3035,EAP,259,0.085337727
2010,5,SSA,1162,EAP,45,0.038726334
2010,All,SSA,18400,EAP,1147,0.062336957
2009,1,SSA,2568,EAP,77,0.029984424
2009,2,SSA,8884,EAP,519,0.058419631
2009,3,SSA,2819,EAP,240,0.085136573
2009,4,SSA,2762,EAP,227,0.082186821
2009,5,SSA,1168,EAP,52,0.044520548
2009,All,SSA,16496,EAP,990,0.060014549
2008,1,SSA,2243,EAP,61,0.02719572
2008,2,SSA,8232,EAP,476,0.057823129
2008,3,SSA,2304,EAP,198,0.0859375
2008,4,SSA,2307,EAP,187,0.081057651
2008,5,SSA,1062,EAP,45,0.042372881
2008,All,SSA,14596,EAP,844,0.057824061
2007,1,SSA,1787,EAP,38,0.021264689
2007,2,SSA,7382,EAP,360,0.048767272
2007,3,SSA,2275,EAP,151,0.066373626
2007,4,SSA,2382,EAP,149,0.062552477
2007,5,SSA,986,EAP,33,0.03346856
2007,All,SSA,13368,EAP,657,0.049147217
2006,1,SSA,1754,EAP,38,0.021664766
2006,2,SSA,6556,EAP,309,0.047132398
2006,3,SSA,2018,EAP,125,0.061942517
2006,4,SSA,2386,EAP,131,0.054903604
2006,5,SSA,845,EAP,35,0.041420118
2006,All,SSA,12291,EAP,576,0.046863559
2005,1,SSA,1458,EAP,21,0.014403292
2005,2,SSA,6074,EAP,264,0.043463945
2005,3,SSA,1746,EAP,95,0.05441008
2005,4,SSA,1969,EAP,103,0.052310818
2005,5,SSA,701,EAP,27,0.038516405
2005,All,SSA,10793,EAP,459,0.042527564
2004,1,SSA,1230,EAP,16,0.01300813
2004,2,SSA,5042,EAP,212,0.042046807
2004,3,SSA,1681,EAP,102,0.060678168
2004,4,SSA,1902,EAP,85,0.0446898
2004,5,SSA,618,EAP,20,0.03236246
2004,All,SSA,9445,EAP,392,0.041503441
2003,1,SSA,965,EAP,20,0.020725389
2003,2,SSA,4334,EAP,166,0.0383018
2003,3,SSA,1376,EAP,88,0.063953488
2003,4,SSA,1619,EAP,72,0.044471896
2003,5,SSA,470,EAP,10,0.021276596
2003,All,SSA,8002,EAP,334,0.041739565
2002,1,SSA,909,EAP,17,0.01870187
2002,2,SSA,4210,EAP,140,0.033254157
2002,3,SSA,1368,EAP,71,0.051900585
2002,4,SSA,1551,EAP,60,0.03868472
2002,5,SSA,501,EAP,12,0.023952096
2002,All,SSA,7777,EAP,279,0.035875016
2001,1,SSA,809,EAP,12,0.014833127
2001,2,SSA,3788,EAP,139,0.036694826
2001,3,SSA,1227,EAP,53,0.043194784
2001,4,SSA,1381,EAP,65,0.047067343
2001,5,SSA,394,EAP,9,0.02284264
2001,All,SSA,6941,EAP,258,0.037170437
2000,1,SSA,806,EAP,13,0.016129032
2000,2,SSA,3611,EAP,126,0.034893381
2000,3,SSA,1115,EAP,51,0.04573991
2000,4,SSA,1280,EAP,55,0.04296875
2000,5,SSA,354,EAP,11,0.031073446
2000,All,SSA,6534,EAP,234,0.035812672
1999,1,SSA,747,EAP,11,0.014725569
1999,2,SSA,3250,EAP,94,0.028923077
1999,3,SSA,1234,EAP,43,0.034846029
1999,4,SSA,1211,EAP,39,0.032204789
1999,5,SSA,372,EAP,6,0.016129032
1999,All,SSA,6224,EAP,176,0.028277635
1998,1,SSA,682,EAP,12,0.017595308
1998,2,SSA,3138,EAP,96,0.030592734
1998,3,SSA,1024,EAP,48,0.046875
1998,4,SSA,1091,EAP,42,0.038496792
1998,5,SSA,318,EAP,16,0.050314465
1998,All,SSA,5687,EAP,186,0.032706172
1997,1,SSA,642,EAP,10,0.015576324
1997,2,SSA,3136,EAP,77,0.024553571
1997,3,SSA,932,EAP,31,0.033261803
1997,4,SSA,1101,EAP,33,0.029972752
1997,5,SSA,271,EAP,9,0.033210332
1997,All,SSA,5595,EAP,145,0.025915996
1996,1,SSA,667,EAP,17,0.025487256
1996,2,SSA,2892,EAP,67,0.023167358
1996,3,SSA,1047,EAP,38,0.036294174
1996,4,SSA,1070,EAP,25,0.023364486
1996,5,SSA,285,EAP,5,0.01754386
1996,All,SSA,5436,EAP,141,0.02593819
1995,1,SSA,648,EAP,11,0.016975309
1995,2,SSA,2779,EAP,49,0.017632242
1995,3,SSA,1002,EAP,35,0.03493014
1995,4,SSA,1005,EAP,18,0.017910448
1995,5,SSA,288,EAP,3,0.010416667
1995,All,SSA,5251,EAP,113,0.021519711
1994,1,SSA,596,EAP,6,0.010067114
1994,2,SSA,2926,EAP,41,0.014012303
1994,3,SSA,1031,EAP,24,0.023278371
1994,4,SSA,963,EAP,20,0.020768432
1994,5,SSA,286,EAP,4,0.013986014
1994,All,SSA,5294,EAP,90,0.017000378
1993,1,SSA,556,EAP,7,0.012589928
1993,2,SSA,2821,EAP,35,0.012406948
1993,3,SSA,919,EAP,20,0.021762786
1993,4,SSA,907,EAP,8,0.008820287
1993,5,SSA,247,EAP,1,0.004048583
1993,All,SSA,5015,EAP,68,0.013559322
1992,1,SSA,508,EAP,7,0.013779528
1992,2,SSA,2852,EAP,31,0.010869565
1992,3,SSA,930,EAP,12,0.012903226
1992,4,SSA,896,EAP,15,0.016741071
1992,5,SSA,229,EAP,3,0.013100437
1992,All,SSA,4966,EAP,63,0.012686267
1991,1,SSA,500,EAP,1,0.002
1991,2,SSA,2782,EAP,21,0.007548526
1991,3,SSA,808,EAP,15,0.018564356
1991,4,SSA,940,EAP,13,0.013829787
1991,All,SSA,4832,EAP,47,0.009726821
1990,1,SSA,506,EAP,5,0.009881423
1990,2,SSA,2939,EAP,34,0.011568561
1990,3,SSA,785,EAP,12,0.015286624
1990,4,SSA,929,EAP,11,0.011840689
1990,5,SSA,219,EAP,2,0.00913242
1990,All,SSA,4953,EAP,58,0.011710075
2023,1,SSA,16101,Domestic,4954,0.307682753
2023,2,SSA,33241,Domestic,11273,0.339129388
2023,3,SSA,14186,Domestic,4563,0.321655153
2023,4,SSA,12974,Domestic,4815,0.371126869
2023,5,SSA,5762,Domestic,1816,0.315168344
2023,All,SSA,72290,Domestic,23960,0.3314428
2022,1,SSA,17023,Domestic,5111,0.300240851
2022,2,SSA,38683,Domestic,13626,0.352247757
2022,3,SSA,16126,Domestic,5365,0.332692546
2022,4,SSA,14854,Domestic,5478,0.368789552
2022,5,SSA,6861,Domestic,2185,0.318466696
2022,All,SSA,82435,Domestic,27877,0.338169467
2021,1,SSA,16354,Domestic,4732,0.289348172
2021,2,SSA,38678,Domestic,13243,0.342391023
2021,3,SSA,15195,Domestic,5153,0.339124712
2021,4,SSA,14460,Domestic,5291,0.365905947
2021,5,SSA,6066,Domestic,2020,0.333003627
2021,All,SSA,80257,Domestic,26848,0.334525337
2020,1,SSA,14336,Domestic,4056,0.282924107
2020,2,SSA,37624,Domestic,13092,0.347969381
2020,3,SSA,13264,Domestic,4856,0.366103739
2020,4,SSA,12714,Domestic,4566,0.359131666
2020,5,SSA,5343,Domestic,1835,0.343440015
2020,All,SSA,73718,Domestic,25121,0.340771589
2019,1,SSA,10863,Domestic,2972,0.273589248
2019,2,SSA,27899,Domestic,9489,0.340119718
2019,3,SSA,11623,Domestic,4395,0.378129571
2019,4,SSA,9893,Domestic,3443,0.348023855
2019,5,SSA,4322,Domestic,1559,0.360712633
2019,All,SSA,57450,Domestic,19364,0.337058312
2018,1,SSA,9765,Domestic,2659,0.272299027
2018,2,SSA,24301,Domestic,8253,0.339615654
2018,3,SSA,9738,Domestic,3690,0.378927911
2018,4,SSA,8843,Domestic,3157,0.357005541
2018,5,SSA,3573,Domestic,1300,0.36383991
2018,All,SSA,49984,Domestic,16888,0.337868118
2017,1,SSA,9040,Domestic,2380,0.263274336
2017,2,SSA,22335,Domestic,7498,0.335706291
2017,3,SSA,8648,Domestic,3340,0.386216466
2017,4,SSA,7605,Domestic,2707,0.355950033
2017,5,SSA,3218,Domestic,1198,0.37228092
2017,All,SSA,45505,Domestic,15220,0.33446874
2016,1,SSA,7820,Domestic,1953,0.249744246
2016,2,SSA,20909,Domestic,7259,0.347171075
2016,3,SSA,7175,Domestic,2693,0.37533101
2016,4,SSA,6867,Domestic,2431,0.354011941
2016,5,SSA,2639,Domestic,934,0.35392194
2016,All,SSA,40617,Domestic,13578,0.334293522
2015,1,SSA,6351,Domestic,1613,0.253975752
2015,2,SSA,18887,Domestic,6515,0.344946259
2015,3,SSA,6164,Domestic,2471,0.400876055
2015,4,SSA,5800,Domestic,1901,0.327758621
2015,5,SSA,2343,Domestic,859,0.366623986
2015,All,SSA,35489,Domestic,11975,0.337428499
2014,1,SSA,5836,Domestic,1434,0.245716244
2014,2,SSA,17408,Domestic,6018,0.345703125
2014,3,SSA,5630,Domestic,2139,0.379928952
2014,4,SSA,5333,Domestic,1779,0.333583349
2014,5,SSA,2056,Domestic,694,0.337548638
2014,All,SSA,32708,Domestic,10875,0.332487465
2013,1,SSA,4477,Domestic,971,0.216886308
2013,2,SSA,14905,Domestic,4738,0.317879906
2013,3,SSA,4995,Domestic,1770,0.354354354
2013,4,SSA,4232,Domestic,1274,0.301039698
2013,5,SSA,1904,Domestic,684,0.359243697
2013,All,SSA,27516,Domestic,8515,0.309456316
2012,1,SSA,3817,Domestic,772,0.202253078
2012,2,SSA,12783,Domestic,3741,0.292654307
2012,3,SSA,4574,Domestic,1804,0.394403148
2012,4,SSA,3611,Domestic,1125,0.311548048
2012,5,SSA,1560,Domestic,552,0.353846154
2012,All,SSA,23815,Domestic,7195,0.302120512
2011,1,SSA,3139,Domestic,671,0.213762345
2011,2,SSA,11570,Domestic,3322,0.287121867
2011,3,SSA,3788,Domestic,1457,0.384635692
2011,4,SSA,3362,Domestic,985,0.292980369
2011,5,SSA,1416,Domestic,475,0.335451977
2011,All,SSA,21033,Domestic,6213,0.295392954
2010,1,SSA,2919,Domestic,573,0.196300103
2010,2,SSA,10122,Domestic,2760,0.272673385
2010,3,SSA,3044,Domestic,1217,0.399802891
2010,4,SSA,3035,Domestic,1008,0.332125206
2010,5,SSA,1162,Domestic,421,0.362306368
2010,All,SSA,18400,Domestic,5372,0.291956522
2009,1,SSA,2568,Domestic,510,0.198598131
2009,2,SSA,8884,Domestic,2429,0.273412877
2009,3,SSA,2819,Domestic,1071,0.379921958
2009,4,SSA,2762,Domestic,797,0.288559015
2009,5,SSA,1168,Domestic,373,0.319349315
2009,All,SSA,16496,Domestic,4677,0.283523278
2008,1,SSA,2243,Domestic,428,0.190815872
2008,2,SSA,8232,Domestic,2167,0.263241011
2008,3,SSA,2304,Domestic,879,0.381510417
2008,4,SSA,2307,Domestic,649,0.281317729
2008,5,SSA,1062,Domestic,375,0.353107345
2008,All,SSA,14596,Domestic,4044,0.277062209
2007,1,SSA,1787,Domestic,359,0.200895355
2007,2,SSA,7382,Domestic,2012,0.272554863
2007,3,SSA,2275,Domestic,874,0.384175824
2007,4,SSA,2382,Domestic,747,0.313602015
2007,5,SSA,986,Domestic,340,0.344827586
2007,All,SSA,13368,Domestic,3885,0.29061939
2006,1,SSA,1754,Domestic,341,0.194412771
2006,2,SSA,6556,Domestic,1554,0.237034777
2006,3,SSA,2018,Domestic,827,0.409811695
2006,4,SSA,2386,Domestic,732,0.306789606
2006,5,SSA,845,Domestic,285,0.337278107
2006,All,SSA,12291,Domestic,3327,0.270685868
2005,1,SSA,1458,Domestic,298,0.204389575
2005,2,SSA,6074,Domestic,1801,0.296509714
2005,3,SSA,1746,Domestic,628,0.359679267
2005,4,SSA,1969,Domestic,669,0.339766379
2005,5,SSA,701,Domestic,195,0.278174037
2005,All,SSA,10793,Domestic,3214,0.297785602
2004,1,SSA,1230,Domestic,222,0.180487805
2004,2,SSA,5042,Domestic,1484,0.294327648
2004,3,SSA,1681,Domestic,627,0.372992267
2004,4,SSA,1902,Domestic,609,0.320189274
2004,5,SSA,618,Domestic,184,0.297734628
2004,All,SSA,9445,Domestic,2797,0.296135521
2003,1,SSA,965,Domestic,174,0.180310881
2003,2,SSA,4334,Domestic,1223,0.282187356
2003,3,SSA,1376,Domestic,495,0.359738372
2003,4,SSA,1619,Domestic,520,0.321185917
2003,5,SSA,470,Domestic,142,0.30212766
2003,All,SSA,8002,Domestic,2285,0.285553612
2002,1,SSA,909,Domestic,171,0.188118812
2002,2,SSA,4210,Domestic,1256,0.298337292
2002,3,SSA,1368,Domestic,512,0.374269006
2002,4,SSA,1551,Domestic,484,0.312056738
2002,5,SSA,501,Domestic,138,0.275449102
2002,All,SSA,7777,Domestic,2315,0.297672624
2001,1,SSA,809,Domestic,144,0.177997528
2001,2,SSA,3788,Domestic,1067,0.281678986
2001,3,SSA,1227,Domestic,436,0.355338223
2001,4,SSA,1381,Domestic,428,0.309920348
2001,5,SSA,394,Domestic,89,0.225888325
2001,All,SSA,6941,Domestic,1960,0.282380061
2000,1,SSA,806,Domestic,131,0.162531017
2000,2,SSA,3611,Domestic,1043,0.288839657
2000,3,SSA,1115,Domestic,412,0.369506726
2000,4,SSA,1280,Domestic,408,0.31875
2000,5,SSA,354,Domestic,65,0.183615819
2000,All,SSA,6534,Domestic,1870,0.286195286
1999,1,SSA,747,Domestic,124,0.165997323
1999,2,SSA,3250,Domestic,980,0.301538462
1999,3,SSA,1234,Domestic,415,0.3363047
1999,4,SSA,1211,Domestic,405,0.334434352
1999,5,SSA,372,Domestic,65,0.174731183
1999,All,SSA,6224,Domestic,1832,0.294344473
1998,1,SSA,682,Domestic,95,0.139296188
1998,2,SSA,3138,Domestic,925,0.294773741
1998,3,SSA,1024,Domestic,366,0.357421875
1998,4,SSA,1091,Domestic,344,0.315307058
1998,5,SSA,318,Domestic,47,0.147798742
1998,All,SSA,5687,Domestic,1625,0.285739406
1997,1,SSA,642,Domestic,101,0.157320872
1997,2,SSA,3136,Domestic,994,0.316964286
1997,3,SSA,932,Domestic,341,0.365879828
1997,4,SSA,1101,Domestic,354,0.321525886
1997,5,SSA,271,Domestic,54,0.199261993
1997,All,SSA,5595,Domestic,1697,0.303306524
1996,1,SSA,667,Domestic,100,0.149925037
1996,2,SSA,2892,Domestic,873,0.30186722
1996,3,SSA,1047,Domestic,396,0.378223496
1996,4,SSA,1070,Domestic,358,0.334579439
1996,5,SSA,285,Domestic,61,0.214035088
1996,All,SSA,5436,Domestic,1628,0.299484915
1995,1,SSA,648,Domestic,105,0.162037037
1995,2,SSA,2779,Domestic,939,0.337891328
1995,3,SSA,1002,Domestic,432,0.431137725
1995,4,SSA,1005,Domestic,379,0.377114428
1995,5,SSA,288,Domestic,73,0.253472222
1995,All,SSA,5251,Domestic,1765,0.336126452
1994,1,SSA,596,Domestic,98,0.16442953
1994,2,SSA,2926,Domestic,963,0.32911825
1994,3,SSA,1031,Domestic,498,0.483026188
1994,4,SSA,963,Domestic,309,0.320872274
1994,5,SSA,286,Domestic,92,0.321678322
1994,All,SSA,5294,Domestic,1786,0.337363053
1993,1,SSA,556,Domestic,86,0.154676259
1993,2,SSA,2821,Domestic,999,0.354129741
1993,3,SSA,919,Domestic,450,0.489662677
1993,4,SSA,907,Domestic,336,0.37045204
1993,5,SSA,247,Domestic,67,0.271255061
1993,All,SSA,5015,Domestic,1788,0.356530409
1992,1,SSA,508,Domestic,77,0.151574803
1992,2,SSA,2852,Domestic,999,0.350280505
1992,3,SSA,930,Domestic,445,0.478494624
1992,4,SSA,896,Domestic,299,0.333705357
1992,5,SSA,229,Domestic,67,0.292576419
1992,All,SSA,4966,Domestic,1739,0.350181232
1991,1,SSA,500,Domestic,102,0.204
1991,2,SSA,2782,Domestic,929,0.333932423
1991,3,SSA,808,Domestic,349,0.431930693
1991,4,SSA,940,Domestic,335,0.356382979
1991,5,SSA,259,Domestic,75,0.28957529
1991,All,SSA,4832,Domestic,1617,0.33464404
1990,1,SSA,506,Domestic,82,0.162055336
1990,2,SSA,2939,Domestic,987,0.335828513
1990,3,SSA,785,Domestic,388,0.494267516
1990,4,SSA,929,Domestic,306,0.329386437
1990,5,SSA,219,Domestic,57,0.260273973
1990,All,SSA,4953,Domestic,1677,0.338582677
